项目名称,项目ID,项目地点
九龙江流域浦南段水环境综合治理项目工程总承包（EPC+O）重新招标,273934,市本级
沙县区城市综合基础设施（市政、园林领域）建设管护项目（市政维护项目监理）,273933,沙县
霞浦县樱花谷景区旅游基础设施提升改造项目（二期）--游客服务中心及配套工程（一期）,273931,霞浦县
厦门港古雷港区古雷作业区南3#泊位工程（水工土建部分）-招标公告,273928,福建省
厦门港古雷港区古雷作业区南3#泊位工程（水工土建部分）-招标公告,273927,福建省
泉州第五中学江南校区（招标公告）,273926,鲤城区
漳州凯莱酒店项目装修工程设计招标公告,273925,龙海市
晋江市城市运行和治理智慧平台项目（招标公告）,273922,晋江市
周宁县仙风山道路工程全过程工程咨询,273920,周宁县
国家税务总局政和县税务局综合业务办公用房维修改造项目,273918,政和县
芗城区“城央之尚”居民住宅东侧规划支路工程招标公告,273914,市本级
政和县医院病房大楼改造提升工程全过程咨询服务,273912,政和县
2025年上杭县湖洋镇高标准农田建设项目,273909,上杭县
2025年上杭县中都镇高标准农田建设项目（新建及改造提升）,273904,上杭县
政和县托育综合服务中心建设项目（施工）,273903,政和县
南安市王文教羽毛球馆项目（招标公告）,273902,南安市
城市森林公园（大坪山、桃花山）设施修复提升项目（招标公告）,273901,丰泽区
通港西街垃圾转运站工程（招标公告）,273900,丰泽区
大田县农村交通提升改造和服务设施建设项目（一期）检测设计施工总承包,273898,大田县
云霄县城区排水防涝能力提升工程(将军大道雨水管道、检查井、雨水蓖修复工程)招标公告,273896,云霄县
前村社市政道路工程（设计“评定分离”）（重新招标）,273891,厦门市
国道G104线福清东瀚至大壤段公路工程（监理）-招标公告,273889,福清市
马銮湾新城灌南社区公园（施工）,273888,厦门市
南平市延平区夏道镇山后村黄坑至木坑公路改建工程,273886,延平区
海霞幼儿园改造提升项目工程（施工）,273885,厦门市
2025年武平县十方镇高标准农田建设项目（新建及改造提升）,273881,武平县
福建福海创石油化工有限公司芳烃装置优化节能改造项目37-C-105苯&甲苯塔（重新招标）,273878,市本级
福建海辰化学有限公司年产40万吨己二腈及原料配套项目设备监造（重新招标）,273877,市本级
S318线(联十四线)南靖县靖城棋盘社至牛崎头段公路工程(第二期)一电力工程,273874,南靖县
思明区青少年宫改造提升项目（施工）,273869,厦门市
吴山头村(革命老区村)易地搬迁村民活动中心重建项目吴山头村（革命老区村）易地搬迁村民活动中心重建项目,273865,松溪县
永春县红五一供水和引调水工程-马跳至城区输水管道标段达埔段（招标公告）,273858,永春县
厦门地质科研实验基地科研配套设施建设项目（施工）,273856,厦门市
永泰县国家 4A 旅游景区索道设备更新项目—索道延伸（下站点）（施工）-招标公告,273855,永泰县
龙岩市2025年普通国省道重点巡查基础设施监控工程及交通量调查站建设升级工程施工运维项目,273853,市本级
X747县道虬江段公路提升工程,273851,沙县
三明市三元区第二实验学校（M2）海绵化改造工程,273849,三元区
永春县“海丝原点”景区旅游配套基础设施建设项目-水坝码头建设及许港溪整治提升项目（招标公告）,273847,永春县
“国家级高新区”-产业基地建设及基础设施项目（一期）（招标公告）,273846,鲤城区
石狮市水系综合治理-水质提升治理项目-东茂沟流域片区系统改造项目（香江路及宋塘路）（招标公告）,273845,石狮市
将乐县全民健身水上运动基地建设项目将乐县全民健身水上运动基地项目全过程工程咨询,273840,将乐县
马尾镇比亚迪（福兴迪）4S店地块及联东U谷地块（原志品地块）北西侧边坡安全隐患治理项目（施工）-招标公告,273839,马尾区
集美2025JP05地块工程总承包（EPC）,273838,厦门市
晋安区老旧小区改造项目（省军区福州第九干休所）（施工）-招标公告,273837,晋安区
东山县前楼下西坑一级渔港工程施工监理,273835,东山县
东山县前楼下西坑一级渔港工程,273834,东山县
景运大楼装修建设项目（设计、施工一体化）-招标公告,273832,鼓楼区
集美浒井公交地块保障性租赁住房（监理）,273831,厦门市
漳州台商区第一中学龙江校区（二期）-智能化设备采购项目招标公告,273829,漳州台商投资区
浯江道（蓬莱路-翔安东路段）工程（施工“评定分离”）,273828,厦门市
马銮湾新城集美北片区市政道路三期工程（监理）,273826,厦门市
福清市第二医院新院项目（净化专项、防护专项工程）-招标公告,273824,福清市
南门洲湿地保护区及污水管网提升项目（施工）-招标公告,273823,永泰县
平潭第一中学（北街校区）翰英楼、启思楼、围墙等修缮工程招标公告,273822,平潭综合实验区
闽清县绿色建筑产业园北斗洋片区路网工程（一期）（施工）-招标公告,273820,闽清县
普通公路示范通道数字化转型升级项目、普通国省道重点巡查基础设施监控工程及交通量调查站建设升级项目监理,273817,市本级
浯江道（蓬莱路-翔安东路段）工程（监理“评定分离”）,273816,厦门市
霞浦县乡镇污水提升改造工程二期（盐田畲族乡）,273815,霞浦县
首邑大厦（施工）-招标公告,273814,闽侯县
邵武市通泰老旧小区改造二期建设项目—越秀苑、嘉鑫名苑小区,273813,邵武市
南平市建阳第二中学新建高中部食堂教学综合楼项目全过程工程咨询,273811,建阳区
马銮湾新城浦盛路工程（施工）,273810,厦门市
同安北大道（厦沙高速-同安大道段）项目（监理）,273809,厦门市
同安北大道（厦沙高速-同安大道段）项目（施工“评定分离”）,273808,厦门市
武夷山市城中村排水防涝工程（三期）排涝站,273801,武夷山市
厦门汽车工业城研发行政中心一期-桩基工程（施工）,273800,厦门市
尤溪县青印溪河道治理工程（八字桥段）设计采购施工总承包,273799,尤溪县
连城县中心城区排水防涝能力提升工程一期-黄九垄溪排水管网改造一标段,273797,连城县
厦门汽车工业城研发行政中心一期（监理）,273795,厦门市
永安市城乡供水一体化建设项目永安市城乡供水一体化上坪乡、青水乡、槐南镇单村供水项目,273792,永安市
龙岩市长汀县G319线灾害防治工程,273791,长汀县
南平市生态资源产业智慧化培育建设项目南平市森林资源智慧运营中心建设项目、南平市生态资源产业智慧化培育建设项目工程总承包招标公告,273785,市本级
建瓯市伍石古村落保护修缮及活化利用项目工程总承包+运营,273784,建瓯市
福建省妇幼保健院中西医协同“旗舰”医院建设项目（一标段）（设计施工一体化）-招标公告,273783,鼓楼区
邵武市太极广场周边片区供排水建设工程（一期）,273776,邵武市
2025P15地块（监理）,273771,厦门市
惠安县城南水厂三期扩建工程配水管道工程（AB标段）（招标公告）,273770,惠安县
南平市延平区徐洋溪流域水环境综合整治项目,273768,延平区
龙津溪水环境综合治理提升（一期）工程——陈巷段十五户陂流域水环境增效项目招标公告,273767,长泰县
霞浦县新型智慧教育项目设计（重新招标）,273766,霞浦县
漳州市医院古雷分院医疗服务能力提升工程设计,273764,市本级
海沧区莲花社区城中村现代化治理项目（EPC+O）,273760,厦门市
宋元海丝宴沉浸式文化中心（招标公告）,273759,石狮市
南日海岛公益性公墓区建设项目,273753,秀屿区
策福路（西柯派出所-埭湖路段）道路工程（施工）,273750,厦门市
永安市城乡供水一体化建设项目永安市城乡供水一体化工程——主城区独立供水分区西区水厂至南区水厂水源联通工程、东部独立供水分区青水乡备用水源输水工程,273748,永安市
云翔（奥克兰电工设备）产业园基础设施配套工程—云翔产业园创业服务中心（一期）云翔（奥克兰电工设备）产业园基础设施配套工程-云翔产业园创业服务中心（一期）强电工程全过程咨询服务招标公告,273747,云霄县
龙岩市永定区城镇饮用水水源地治理工程（水质监测设备采购）,273743,永定县
漳州市芗城区老旧城区排水等基础设施改造项目（一期工程）招标公告,273741,市本级
上杭县临城龙翔居家社区养老服务照料中心及综合服务中心建设项目,273736,上杭县
武平县东南片区地下管网建设工程(完善工程),273735,武平县
五缘湾2025P11项目（监理）,273731,厦门市
石牛山创建国家5A级旅游景区配套设施提升工程（一期）工程总承包+投融资（招标公告）,273727,德化县
晋江市新港排涝通道改造提升工程勘察设计（招标公告）,273725,晋江市
厦门翔安机场东航基地一期生产辅助设施区项目（勘察设计“评定分离”）,273724,厦门市
蕉城区农村生活污水治理重点工程（监理）,273715,蕉城区
延平区赤门赤黄线道路改建工程,273714,延平区
翔安洋塘公交地块保障性租赁住房（监理）,273710,厦门市
建瓯市城西污水处理厂二期扩建工程-水处理通用、鼓风曝气和污泥脱水系统设备标,273706,建瓯市
南安市官桥镇盐田村农村人居环境改善项目建设运营一体化项目（招标公告）,273693,南安市
晋江防洪提升工程南安段二期（招标公告）,273692,南安市
儒茶溪光泽县治理工程,273691,光泽县
崇武国家基准气候站基础设施建设项目（招标公告）,273690,惠安县
宁德市侨兴社区公共区域提升改造工程,273689,市本级
霞浦县三沙光影旅游基础设施提升建设项目—道路配套管线工程全过程咨询项目,273686,霞浦县
霞浦县乡镇污水处理提升改造工程二期-（北壁乡）,273685,霞浦县
同安区城南片区挂牌地块市政道路工程（双吉路与霞煌路交叉口东南侧）（施工）,273684,厦门市
莆田市木兰溪绶溪片区八二一街以南城中村保障性安居项目施工监理,273683,荔城区
2025P15地块（设计“评定分离”）,273681,厦门市
福州地铁集团有限公司运营事业部2025-2028年工务备件及耗材采购项目-招标公告,273679,福州市
G235线K1840+800-K1868+560、K1874+350-K1877+640灾害防治工程,273678,永定县
福建省仙游木兰抽水蓄能电站卷扬式启闭设备采购,273677,市本级
福州机场第二高速公路文溪枢纽互通工程施工-招标公告,273675,福建省
泉州师范学院南安校区实训综合楼项目（招标公告）,273671,南安市
福建省高速公路龙岩片区5处（古田AB、七峰山AB、适中B服务区）充电基础设施建设项目-招标公告,273670,福建省
福州港罗源湾港区碧里作业区 3 #、4#泊位装卸工艺提升改造工程监理-招标公告,273667,福建省
华安县城区排水提升工程（二期）——城区污水管网提质增效工程（四目坑、下坂片区）监理招标公告,273660,华安县
2025年新店街道洪前社区城中村现代化治理项目（施工）,273658,厦门市
三明文川溪（美坂）水库三明市文川溪（美坂）水库工程可行性研究报告勘察及初步设计阶段勘察设计,273655,永安市
福建省鹿溪幸福河湖建设项目勘察设计招标公告,273654,漳浦县
安溪龙门中学学生宿舍楼（招标公告）,273653,安溪县
青口镇青山路道路改造工程（一期）（施工）-招标公告,273651,闽侯县
南靖县龙山镇X574龙山桥重建工程招标公告,273649,南靖县
厦门小白鹭艺术中心金荣剧场提升改造项目（施工）,273647,厦门市
南平武夷名仕园1#楼装饰装修工程设计采购施工一体化项目,273645,延平区
翔安新城港汊流域市政配套工程（东片区）一期工程-绿化工程（施工）,273641,厦门市
长汀县托育综合服务中心项目建设运营一体化,273640,长汀县
福建省仙游木兰抽水蓄能电站液压启闭机设备采购,273636,市本级
永泰县城乡供水一体化项目大洋镇供水工程-招标公告,273635,永泰县
福建省仙游木兰抽水蓄能电站闸门及金属结构设备采购,273634,市本级
高新广场1号楼B区提升项目（施工）,273633,厦门市
五显镇2025年房前屋后环境整治项目（施工）,273632,厦门市
2025年翔安区内厝镇莲前村高标准农田建设项目（施工）,273629,厦门市
漳港农贸市场提升改造项目（施工）-招标公告,273628,长乐市
松溪县城区雨污分流第七期建设项目--松溪县城区雨污分流第七期建设项目（南段片区）,273624,松溪县
福清市龙田镇龙辉街改造工程及周边环境整治（施工）-招标公告,273619,福清市
漳浦县深土岈仔山一级渔港项目全过程工程咨询服务,273618,漳浦县
浦城县仙南组团职业产教融合基地-浦城县职业教育产教融合实训基地教学综合楼等配套设施及二期新扩建工程项目,273617,浦城县
宁德市天湖路万达宝信区域天桥工程,273616,市本级
连江县2025年城乡供水一体化浦口镇单村供水工程-招标公告,273613,连江县
连江县2025年城乡供水一体化浦口镇单村供水工程-招标公告,273612,连江县
福清市第四医院门急诊大楼项目（监理）-招标公告,273611,福清市
金禾广场二期10kV配电工程,273610,市本级
福安市甘棠镇茶产业提升发展项目（一期）,273609,福安市
永春县医院达埔分院附属配套工程项目（招标公告）,273607,永春县
顺昌县双溪片区老旧小区改造项目-水南片区,273604,顺昌县
长汀县城区洪涝防治提升项目（一期）—南寨梅林片区雨污分流,273603,长汀县
漳州市漳浦县城区燃气管网改造工程,273599,漳浦县
龙岩市上杭县G205灾害防治工程,273597,上杭县
武夷山市农业三产联动基础设施建设项目一期设计,273596,武夷山市
漳州市古雷片区纵六路林前段招标公告,273593,市本级
漳州市公安局基础设施项目漳州市公安业务技术综合体（EPC+O）-送配电工程（高压变配电系统）,273586,市本级
石狮市教培服务综合体项目设计（招标公告）,273585,石狮市
大田县域文江溪底泥详细调查与工程勘察及实施段污染底泥整治效果评估项目（二次）,273581,大田县
明溪县河滨北路排水防涝基础设施建设项目（四期）-市场路、三元路,273579,明溪县
建瓯市水源乡古丁洋水库工程设计（二次招标）,273575,建瓯市
福州滨海新城仙岐路、仙滨路配套管网及路面提升改造工程（施工）-招标公告,273574,长乐市
漳州西湖生态园退让绿地提升（一期）工程,273572,市本级
霞浦县乡镇污水处理提升改造工程二期-（三沙镇）,273570,霞浦县
机场至国宾馆沿线整治工程设计施工总承包（EPC）-招标公告,273569,福州市
永泰抽水蓄能电站福州控制中心机电设备安装调试及配套工程施工（再次招标）-招标公告,273568,永泰县
福和大道（清荣大道-清大路）道路管网、路面修复及智慧灯杆等工程（施工）-招标公告,273567,福清市
武夷山市主城区、度假区污水处理提质增效项目（一期）-排口整治项目,273566,武夷山市
2025年上杭县太拔镇高标准农田建设项目(新建及改造提升),273565,上杭县
厦门新机场机务维修区配套道路工程（施工）,273558,厦门市
松溪县总医院及分院改扩建项目——县域体检中心（祖墩）改扩建工程（祖墩乡医养服务中心项目二期）,273557,松溪县
晋江市龙湖镇洪溪-新街片区历史遗留废弃矿山生态修复项目工程（南浔、石厦、瑶厝、秀山治理区）（招标公告）,273556,晋江市
晋江市龙湖镇洪溪-新街片区历史遗留废弃矿山生态修复项目工程（洪溪治理区）（招标公告）,273555,晋江市
福州市马尾区人民法院琅岐人民法庭（施工）-招标公告,273554,马尾区
福州滨海新城漳江路延伸段及接线道路工程（监理）-招标公告,273551,长乐市
晋安区医疗卫生补短板项目全过程工程咨询-招标公告,273550,晋安区
福州滨海新城CBD周边路网及管网配套工程（监理）-招标公告,273549,长乐市
政和县城南片区排水防涝能力提升工程（南四路、支二路）,273546,政和县
闽台（宁德）新能源产业合作交流园项目-园区配套路网工程（施工）,273544,蕉城区
福安一中冠杭校区初中部教学楼等改造项目（一期）,273540,福安市
宁德市特殊教育学校中心城区校区项目（一期）施工,273539,蕉城区
漳州市龙文区港道整治改造工程勘察设计,273538,市本级
闽江富屯溪流域防洪提升工程邵武段一期晒口溪轮胎厂右岸防洪堤,273534,邵武市
长乐区城市路灯更新改造提升项目（标段二）-招标公告,273526,长乐市
惠安小桥春野文旅项目投资建设运营一体化（招标公告）,273524,惠安县
福鼎市祥云路一期工程,273522,福鼎市
福安市溪北洋片区排水防涝及配套设施建设工程（勘察设计）,273521,福安市
霞浦县北壁水闸除险加固工程施工,273518,霞浦县
武平县智慧殡葬设施业务用房,273517,武平县
闽江富屯溪流域防洪提升工程邵武段一期晒口溪下沙段防洪堤,273516,邵武市
安溪县城厢镇经兜至经岭道路改造工程（招标公告）,273514,安溪县
屏南县岭下乡集镇主干道提升改造工程,273511,屏南县
安溪县河滨北路（锦城路-天湖山庄）管网改造工程（第一标段）（招标公告）,273507,安溪县
福州轨道交通设计院有限公司协同设计管理平台项目-招标公告,273506,福州市
莆田市秀屿区东峤镇铁炉四孔闸除险加固工程,273503,秀屿区
2024年农村生活污水提升治理项目-鸿山镇（伍堡村）（招标公告）,273502,石狮市
排尾红星周边旧改地块三（长乐支路）道路工程（施工）-招标公告,273500,台江区
福鼎G104线岩前桥危桥重建工程,273499,福鼎市
快安污水处理厂配套管网提升改造工程（第一标段）（施工）-招标公告,273498,马尾区
将乐县寒际水库工程可行性研究阶段勘察设计项目,273497,将乐县
福州市省科学器材城及塑胶厂地块配套道路工程（施工）（重新招标）-招标公告,273493,台江区
武夷山市站区路片区排水防涝建设工程总承包（EPC+O）（重新招标）,273492,武夷山市
闽台（宁德）新能源产业合作交流园项目-园区配套路网工程（监理）,273491,蕉城区
福清一中江阴港城校区扩建工程（施工）-招标公告,273490,福清市
福安市疾控中心搬迁项目（监理）,273489,福安市
二环以内非沥青区管市政道路“白改黑”提升改造工程（施工）-招标公告,273488,福州市
泉州开发区污水处理厂及配套设施更新改造项目—调蓄池项目（招标公告）,273487,经济技术开发区
周宁县文化艺术服务中心建设项目全过程工程咨询,273485,周宁县
省运会市区场馆提升项目（二期）,273484,市本级
厦门市交通基础设施安全韧性提升工程（勘察设计“评定分离”）,273483,厦门市
顺昌县双溪片区老旧小区改造项目-和勤片区,273482,顺昌县
宁德市特殊教育学校中心城区校区项目（一期）监理,273481,蕉城区
宁德霞浦海上风电场B区项目现场技术咨询服务,273480,霞浦县
三元区富兴堡永兴路（规划支路6）市政道路工程,273479,市本级
闽江富屯溪流域防洪提升工程邵武段一期富屯溪医药站防洪堤施工,273472,邵武市
闽江富屯溪流域防洪提升工程邵武段一期（晒口溪下沙段、晒口溪轮胎厂右岸、富屯溪医药站、金山溪太保防洪堤）监理,273471,邵武市
闽江富屯溪流域防洪提升工程邵武段一期金山溪太保防洪堤施工,273470,邵武市
2024HP02地块、2024HP03地块工程（施工）,273462,厦门市
龙文区第二批城市“金厝边”小微公共空间项目工程一期,273459,市本级
漳州至汕头铁路漳浦站站前配套设施工程勘察设计（第二次）招标公告,273456,漳浦县
开元创新社区B08地块（监理）,273449,厦门市
种养加产业园(白水)山边村长边水库排洪沟工程施工招标公告,273447,龙海市
城厢区龙德井片区周边配套道路提升改造（白改黑及缆线下地）工程,273446,城厢区
武夷山市红茶文化保护提升工程（工程总承包）,273444,武夷山市
政和县青龙庄老旧小区配套基础设施建设项目（飞凤山片区）三期,273443,政和县
泉州市永春县一都镇仙友等6个村2025年高标准农田改造提升（农田连片整治）项目（招标公告）,273442,永春县
沙县区城区污水处理厂提标扩建项目(配套老旧污水泵站及管网更新修复)设计,273440,沙县
泉州市永春县达埔镇达山等2个村2025年高标准农田改造提升（农田连片整治）项目（招标公告）,273434,永春县
厦门软件园三期G36地块（监理“评定分离”）,273433,厦门市
福建省三明金叶复烤有限公司选叶中心及配套工程建设项目工程监理,273431,三元区
建宁红一方面军领导机关旧址保护提升项目监理,273430,建宁县
福州市普通公路交通基础设施数字化转型升级设计施工总承包-招标公告,273429,福州市
永春县魁星旅游基础设施建设项目（二期）-魁星岩游客服务中心（招标公告）,273428,永春县
九龙江流域祥华乡白荇溪支流水环境综合治理项目（招标公告）,273426,泉州市
新民街道2025年房前屋后环境整治项目（施工）,273425,厦门市
西柯街道埭头社区城中村现代化治理项目雨污水改造、道路改造及环境整治工程（EPC+O）,273424,厦门市
泉州市永春县东关镇东关等3个村2025年高标准农田改造提升(农田连片整治)项目（招标公告）,273418,永春县
金崎片区市政道路一纬五路项目设计（招标公告）,273417,丰泽区
石狮市二次供水及配套设备、设施、管网新建与改造工程（续建）设计（招标公告）,273416,石狮市
开元创新社区B08地块（施工“评定分离”）,273415,厦门市
湖洋镇农产品分拣包装保鲜冷冻仓储中心项目,273414,上杭县
龙海区海澄镇玉枕渡口改造工程施工招标公告,273412,市本级
福安市范坑乡范坑村至上白石交界段路面提升工程,273411,福安市
福鼎市Y868贯军线贯岭至罗坵段公路路面工程（评定分离）,273409,福鼎市
台2025P02地块勘察设计招标公告,273408,漳州台商投资区
宁德市闽海路（漳湾大道至塘一路段）道路工程设计,273404,蕉城区
长汀县城市公益性公墓—张坊岽生命公园（工程总承包）招标公告,273402,长汀县
漳州台商投资区现代农业良种区试中心项目招标公告,273400,漳州台商投资区
安溪县慈山农业学校扩建项目二期工程（地块一）——10#宿舍楼、11#食堂（第一标段）（招标公告）,273397,安溪县
德化县水口镇Y119湖柿线长远桥危桥改建工程（招标公告）,273390,德化县
政和县青龙庄老旧小区配套基础设施建设项目（林屯片区一期）,273389,政和县
福建省龙津溪幸福河湖建设项目勘察设计,273387,长泰县
第二批次城区主干道配套管道修复改造工程（可研、设计及造价咨询）（招标公告）,273386,泉港区
沙县区X748渔溪线徐墩村路口至罗溪尾桥段公路修复工程（二期）,273385,沙县
德化县霞田公园（招标公告）,273383,德化县
长泰区城乡供水一体化工程-供水管网及配套设施工程（枋洋片区入户管网工程）设计采购施工总承包,273381,市本级
集美新城社区卫生服务中心（勘察设计“评定分离”）,273380,厦门市
恒丰银行福州分行迁址装修工程（施工）（重新招标）-招标公告,273378,台江区
2024年农村生活污水提升治理项目—蚶江镇（水头村）（招标公告）,273377,石狮市
惠安县东南部海岸带生态保护与修复项目（招标公告）,273376,惠安县
松溪县省级经济开发区三茶统筹产业园建设项目（一期）,273371,松溪县
两岸金融中心片区泥金路（五通路-环岛东路）市政道路工程（施工）,273370,厦门市
2024年清流县林畲镇增发国债高标准农田建设改造提升（灾毁农田修复）项目（续建）,273368,清流县
泉州（南安）光电信息产业基地（一期）基础设施建设项目-光电基地支二路（朗悦公馆段）市政道路工程（招标公告）,273367,南安市
回兴路（宝岛路-九二路）工程（招标公告）,273366,石狮市
美贵路改造项目（施工）-招标公告,273365,福清市
集美新城锦园纵一路及纵二路道路工程（施工）,273364,厦门市
2025年三明市普通国道公路安全提升工程设计养护施工一体化,273362,永安市
城关小学第三校区配套路（施工）-招标公告,273361,福清市
台2024P03（产城融合发展产业园）项目勘察设计,273360,漳州台商投资区
霞浦县城区排水设施提升改造工程（一期）——A标段（监理）重新招标,273359,霞浦县
海翔大道东埔村口等交叉口交通信号灯工程（施工）,273358,厦门市
G237线朱家洋危旧隧道改造、国道 237线岭兜特大桥结构健康监测系统,273357,蕉城区
霞浦东冲半岛中部景区旅游基础设施提升工程— 东冲半岛智慧文旅平台配套工程设计,273356,霞浦县
福清万业港口有限公司1台45T电动正面吊采购安装项目-招标公告,273355,福建省
连江县八一六西路、玉荷西路及龙西路道路改造工程（施工）-招标公告,273353,连江县
武夷山市茶山坳旅游基础设施建设项目工程总承包,273351,武夷山市
武夷新区至沙县高速公路工程勘察监理、设计审查（咨询）沙县至南平高速公路南平段工程际下服务区、徐市服务区空调设备及排风系统二次采购,273347,顺昌县
2024年清流县长校镇高标准农田“五化”建设省级示范项目2024年清流县长校镇高标准农田五化建设省级示范项目,273346,清流县
崇武古城保护与活化项目（东门—西门）内环城路整治市政工程（招标公告）,273344,惠安县
罗源县卫健系统补短板建设项目一期-罗源县总医院中医分院搬迁项目（监理）-招标公告,273340,罗源县
思明区社会治安综合治理中心规范化建设项目（施工）,273337,厦门市
东南联合大学和暨南大学南迁旧校址建设项目全过程工程咨询,273334,建阳区
白沙镇白林路修复提升工程（施工）-招标公告,273332,闽侯县
G228线K4504+070~K4505+472路面改造工程-招标公告,273331,连江县
厦漳扩建南港特大桥结构监测系统实施及漳州辖区桥梁群监测系统实施项目-招标公告,273329,福建省
石湖山保障性租赁住房项目（一期）（施工）,273328,厦门市
福建海事局宁德海事工作船码头工程施工-招标公告,273327,福建省
第二批次城区主干道配套管道修复改造工程全过程咨询（招标公告）,273324,泉港区
福安市湖口排涝站改扩建工程（可研、设计、施工图）,273318,福安市
福建福海创石油化工有限公司芳烃装置优化节能改造项目37-C-105苯&甲苯塔塔内件（重新招标）,273317,市本级
五缘湾2025P11项目工程总承包（EPC）,273315,厦门市
建瓯市黄华山旅游基础设施建设项目（一期）-黄华山体育公园建设及毁损修复项目,273314,建瓯市
荔城区生态农业示范区建设暨耕地整治提升项目（建设运营一体化） 监理,273313,荔城区
厦门市特种设备安全检验实验室（勘察设计“评定分离”）,273312,厦门市
国家税务总局龙岩市税务局综合业务办公用房部分系统维修改造项目,273311,新罗区
龙岩市2025年度G319、G358线国道灾害防治项目设计施工养护运维总承包,273310,上杭县
福州江阴港城经济区友谊大道（现状经三路至港前大道）项目（施工）-招标公告,273308,福清市
连城县北部片区引水和供水工程工程总承包,273307,连城县
延平区江滨中路至新建路片区老旧小区改造配套基础设施建设项目,273305,延平区
芗城区西北部片区乡村振兴产业配套基础设施项目-芗城区天宝镇石峰路道路建设工程施工招标公告,273304,市本级
政和县城乡供水一体化建设项目（二分区供水管网）,273303,政和县
永春县中医院住院综合楼（招标公告）,273295,永春县
安溪县凤山书院后山坡整治项目（招标公告）,273291,安溪县
G324线荔城区西天尾镇澄渚村至城厢区华亭镇濑溪村路面改造工程(K83+595-K102+450段路面改造工程）设计项目,273289,市本级
新建新步渠、新步排涝泵站及周边雨水收集系统等提升工程-新步渠及新步排涝泵站工程监理项目（招标公告）,273288,鲤城区
梅岭中片区配套道路工程第一标段（招标公告）,273284,晋江市
太平镇葫芦山村旅游品质提升,273283,延平区
武平县机动车驾驶考试场及停车场项目,273282,武平县
莲垵片区城中村改造配套基础设施—纬二路（招标公告）,273278,丰泽区
泉惠石化工业区2×660MW超超临界热电联产工程第三批辅机（脉冲清堵装置设备）设备采购项目（重新招标）（招标公告）,273277,惠安县
泰宁县上清溪水际小流域 2025年度省级水土流失综合治理项目（第二批）泰宁县上清溪水际小流域2025年度省级水土流失综合治理项目（第二批）（上青乡标段）、泰宁县上清溪水际小流域2025年度省级水土流失综合治理项目（第二批）（梅口乡标段）,273276,泰宁县
霞浦县公安局警务技能训练基地（一期）用房装修项目,273274,霞浦县
永春体育文化公共服务交流中心供配电工程（招标公告）,273268,永春县
清流县氟新材料产业园金星片区污水处理厂及配套附属设施工程监理,273267,清流县
渐美九年制学校基坑支护工程（施工）,273263,厦门市
九龙江防洪工程龙文段（三标段）工程招标公告,273260,市本级
漳州市九龙江流域长泰区坂里溪集镇段面源污染治理工程招标公告,273257,长泰县
福州江阴港城经济区公共租赁住房（D地块）项目（福州江阴港城经济区产业公寓四期项目）-永久性变配电工程-招标公告,273245,福清市
福州江阴港城经济区公共租赁住房（C地块）项目（福州江阴港城经济区产业公寓三期项目）-永久性变配电工程-招标公告,273244,福清市
邵武市旧城区供排水建设项目邵武市古城路中段雨污分流改造工程,273238,邵武市
南安市城镇污水处理提质增效近期一期工程--官桥镇污水管网工程（D段、FZ段）（招标公告）,273237,南安市
福州市公安局台江分局业务技术用房全过程咨询（重新招标）-招标公告,273232,台江区
上杭县才溪镇2024年高标准农田“五化”建设省级示范项目,273231,上杭县
美林街道美星村城中村治理道路及房前屋后改造工程（施工）,273226,厦门市
美林街道美星村城中村治理环境整治工程（施工）,273225,厦门市
莆田第一中学钟潭校区建设工程,273223,城厢区
石浔路（下溪头二路至环城南路）道路工程（施工）（重新招标）,273222,厦门市
尤溪县第八期老旧小区改造配套基础设施建设项目工程总承包,273221,尤溪县
沙县区大洲垃圾转运站改造工程设备采购,273219,沙县
党校路建设项目,273214,市本级
福安城北老旧小区改造项目（城北富春路茶叶街改造工程）茶街2侧立面改造及茶街两侧环境综合整治,273212,福安市
福安城北老旧小区改造项目（城北富春路茶叶街改造工程）茶街2侧立面改造及茶街两侧环境综合整治（监理）,273211,福安市
福建省木兰溪下游水生态修复与治理工程（干流段生态廊道工程绿道连通Ⅲ标）施工（重新招标）,273208,市本级
新圩镇农村道路整治工程（施工）,273206,厦门市
元新路（景观大道-福业路）道路工程（施工）（重新招标）-招标公告,273200,福清市
工业邻里中心项目（1#~10#楼及地下室）供配电工程,273187,市本级
罗源县卫健系统补短板建设项目一期-罗源县总医院中医分院搬迁项目（施工）-招标公告,273186,罗源县
2025年凤翔街道东界社区城中村现代化治理项目（施工）,273178,厦门市
福州市公路事业发展中心2024年新建国省道交通量自动观测站建设工程（第二批）及普通国省道重点巡查基础设施监控工程-招标公告,273174,福州市
泉州市宝洲污水厂片区污水提质增效工程—宝洲片区一期（田安路及丰泽街污水管道修复及混接改造工程）（招标公告）,273170,丰泽区
晋江市池店镇卫生院新院区周边配套道路工程（招标公告）,273164,晋江市
南平市延平区主城区排水涵洞改造工程设计,273162,延平区
永泰县霞拔乡敬老院提升改造项目-招标公告,273161,永泰县
顺昌县郑坊、洋墩小流域2025年度省级水土流失综合治理项目（第二批）,273153,顺昌县
连城朋口镇兰花产业带基础设施改造提升项目,273150,连城县
磁窑社区环境整治提升与道路改造工程（施工）,273146,厦门市
古田县第一中学翠屏湖校区建设项目（勘察、方案及初步设计）,273140,古田县
沙县至南平高速公路南平段机电工程交工验收前检测及交工核验检测服务-招标公告,273139,福建省
南平市闽江流域乡镇生活污水处理厂提质增效改造项目工程总承包,273138,市本级
福安G104（K2166.400-K2171.997）安全提升、G104（K2109.300-K2114.000）安全提升、S203线K60+243-K73+950段公路安全设施精细化提升工程、柘荣（G104K2057+300~K2082+501.969）灾害防治工程,273123,市本级
三元区沿山健身步道及配套设施提升改造项目,273117,三元区
福建省莆田市（南洋、北洋）平原涝区排涝工程可行性研究、初步设计阶段勘察设计,273116,市本级
沙县区龙湖智慧体育公园提升改造项目（土建）,273108,沙县
永泰县体育中心及配套基础设施建设项目--室外体育项目-招标公告,273101,永泰县
大田县文江镇文江溪大中段河道治理工程（二次招标）,273097,大田县
中国高校抗战南迁史纪念基地（福建）——暨东南联大、暨南大学抗战纪念基地全过程工程咨询,273096,市本级
翔安新城东山片区核心地块整治工程（施工）,273089,厦门市
新美街道禾山社区城中村现代化治理兴豪里及前山自然村整治工程（施工）,273085,厦门市
长汀县大同镇东埔村张坊岽农村道路,273084,长汀县
海沧大桥加固工程-（二期）（监理“评定分离”）（重新招标）,273073,厦门市
寿宁县城乡供水一体化二期城区管网延伸工程（清源镇）项目设计采购施工总承包,273072,寿宁县
省道211线秀屿区东峤镇前沁村至埭头镇埭头村段路面改造工程施工监理,273060,市本级
安溪县龙涓镇新岭村交地坂至旧炉、旧炉至下半岭道路改建工程（招标公告）,273059,安溪县
德化县城关宝美溪片区高水高排及综合治理工程项目（二期）（招标公告）,273056,德化县
浦城县中小学灾后恢复重建项目（校舍修缮）中的实验小学逸夫楼外墙修缮工程,273055,浦城县
天惠路（迎宾西路至天宝路）道路工程,273051,市本级
霞浦县城区排水设施提升改造工程（一期）——A标段（监理）,273044,霞浦县
新美街道禾山社区城中村现代化治理宋厝里及上坑自然村整治工程（施工）,273039,厦门市
武夷山世界文化与自然遗产地保护展示项目-双世遗区域保护展示宣教基地（武夷山区域）施工监理,273038,市本级
福安市疾控中心搬迁项目,273035,福安市
恒丰银行福州分行迁址装修工程（施工）-招标公告,273033,台江区
福州市螺洲路道路工程（环岛路至螺福路）（施工）-招标公告,273030,福州市
2025年翔安区重点道路和重点园区基础配套工程（标段三）（施工）,273029,厦门市
2025年翔安区重点道路和重点园区基础配套工程（标段二）（施工）,273028,厦门市
2025年翔安区重点道路和重点园区基础配套工程（标段一）（施工）,273027,厦门市
莆田市萝苜田历史文化街区保护提升项目-前林街至二十五坎周边综合提升修缮整治项目,273026,涵江区
厦门市海沧清水进岛一期工程（马青路-本岛段）（施工“评定分离”）（重新招标）,273025,厦门市
海沧港区衙里南路道路工程（施工）,273023,厦门市
东庠乡饮用水工程（施工）招标公告,273019,平潭综合实验区
国道G228线福安乌山特大桥公路工程监理（重新招标）,273018,福安市
云霄县下河杨桃产业融合示范区村民安置房建设项目地质勘察及施工图设计（二次）,273011,云霄县
三明市沙县区良种繁育场征迁安置小区建设项目,273006,沙县
2025年南平辖区高速公路长大桥梁和桥群结构监测系统实施项目-招标公告,273003,福建省
霞浦县台湾精致农业生产示范基础设施建设项目--果蔬大棚改建工程（溪边示范区）,273001,霞浦县
碧湖片区雨污管网提升改造项目(重新招标）,272995,三元区
政和经济开发区zh-2502地块西侧边坡挡墙及便道工程,272994,政和县
宁德数字经济技术支撑公共服务平台项目（第一阶段）监理,272992,市本级
福州城门中学三叉街校区（高中）勘察设计-招标公告,272989,仓山区
梅花山（马坊、梨岭区域）水环境综合治理项目（二期）,272976,上杭县
祥平街道溪声社区城中村现代化治理坑仔口里环境整治工程（施工）,272974,厦门市
福建省莆田市木兰溪入海口海洋生态保护修复工程项目实施方案、可行性研究及相关专题,272973,荔城区
罗源县西北片区引调水工程全过程工程咨询-招标公告,272972,罗源县
白水海堤堤后生态空间修复工程施工及产生砂石资源处置一体化-招标公告,272971,罗源县
厦门海关空调系统节能改造项目（设备）,272969,厦门市
大田县栋仁水库工程勘察设计（可研、初设勘察设计及相关专题报告）,272968,大田县
福安城北老旧小区改造项目（城北街道城市道路更新改造工程）城荷路路面改造提升、锦鸡垅路1号-8号下水道改造提升、闽东世纪城主干道、步上村团部路改造,272960,福安市
福鼎市磻溪镇白茶特色加工配套基础设施路网项目（设计）,272959,福鼎市
福安城北老旧小区改造项目（城北街道城市道路更新改造工程）城荷路路面改造提升、锦鸡垅路1号-8号下水道改造提升、闽东世纪城主干道、步上村团部路改造（监理）,272957,福安市
沈海高速罗宁段桥梁群监测系统实施项目-招标公告,272954,福建省
海沧区东孚街道自来水改造工程（施工）,272953,厦门市
建宁县均口镇2024年高标准农田建设项目（续建）,272952,建宁县
湖边学校（监理“评定分离”）,272951,厦门市
龙岩市富溪一级水库工程水轮发电机组及其附属设备、电站辅助设备采购安装项目,272946,新罗区
祥和街道阳翟社区城中村现代化治理下店尾里、阳翟新村环境和道路整治工程（施工）,272939,厦门市
顺昌县双溪片区管网改造提升项目设计（二次招标）,272931,顺昌县
松溪县2022年老旧小区基础设施改造项目（三期）,272927,松溪县
霞浦县水门片区老旧小区改造配套设施项目（二期）,272925,霞浦县
福建省三明市沙县区马岩水库工程沙县区马岩水库扩容工程新增引水渠上跨昌福铁路淘金山隧道项目设计,272923,沙县
泗水道主线至灯塔路市政道路及配套工程（勘察设计“评定分离”）,272922,厦门市
福建省福鼎市沙埕中心渔港扩建工程（监理）（三次招标）,272920,福鼎市
蕉城区石后锂电工业园区（二期）项目-仓储物流中心项目（勘察设计）,272919,蕉城区
宁德至上饶国家高速公路福建省霞浦至福安段机电工程交工验收检测服务JDJG合同段,272916,市本级
闽侯县总医院小箬分院扩建项目（施工）-招标公告,272913,闽侯县
尤溪县城区污水处理提质增效项目（一期）-尤溪县城区污水处理厂提标改造及部分配套管网工程尤溪县城区污水处理提质增效项目(一期)——尤溪县城区污水处理厂提标改造工程（厂内）设备采购及安装,272912,尤溪县
"周宁G353线（K124.244-K132.700,K134.200-K141.150,K155.000-K167.037）安全提升、G353（K124.244-K167.037）灾害防治",272908,周宁县
"霞浦G228线（K4280.404-K4294.101,K4316.458-K4333.210,K4333.210-K4345.423）安全提升",272906,霞浦县
螺洲古镇地下管网提升改造工程（施工）-招标公告,272905,仓山区
宁化县东方塅片区老旧小区改造项目,272904,宁化县
古田G235双坑桥危旧桥改造、G316埕头大桥危旧桥改造、G316（K146.055-K158.917）安全提升,272903,古田县
蕉城区G104（K2224.310-K2230.550）、G104（K2171.997-K2184.000）、G237（K1636.039-K1671.300）安全提升工程,272901,蕉城区
龙岩市武平县G358灾害防治工程,272890,武平县
沙县区金沙金古片区地下管网改造工程金古路管网改造(金古南区基础设施提升)监理,272886,沙县
西头路（金屿路至金融大街段）、凤头路（金融大街至滨海路段）工程（勘察设计“评定分离”）,272884,厦门市
福建海辰化学有限公司年产40万吨己二腈及原料配套项目火炬（EPC）总承包,272882,市本级
中央储备粮三明直属库有限公司（建宁）仓储一期项目智能化设备采购与安装工程,272880,市本级
福满片区排水防涝整治工程-西雾山片区,272879,漳平市
韩江流域（平和县段）水生态环境综合整治项目一期施工,272878,平和县
韩江流域（平和县段）水生态环境综合整治项目一期施工监理,272876,平和县
蓝溪镇长排里水库工程勘察设计（重新招标）,272868,上杭县
厦门市第十一中学改造提升项目（施工）,272865,厦门市
浦城县水北街镇农副产品产业发展项目—1#厂房（瑞丰瓜果加工厂房）,272863,浦城县
青州镇集镇及周边运动健身场所提升改造项目(二期),272861,沙县
一农社区自来水及消防设施改造提升工程（施工）,272859,厦门市
长汀一中卧龙学校学生宿舍建设项目,272857,长汀县
晋东新区云海湾高端住宅项目勘察设计（招标公告）,272853,晋江市
福建省龙岩市中心城区北部新城银雁片区供水地下管网漏损治理工程阀门设备采购招标公告,272852,新罗区
龙岩市连城县汀江宣和镇集中式饮用水水源保护建设项目,272851,连城县
大田县文江镇朱坂溪琼口段河道治理工程（二次招标）,272850,大田县
霞浦县乡镇污水处理提升改造工程二期（海岛乡文澳村、里澳村、北礵村）,272849,霞浦县
宁德漳湾港铁路专用线围填海工程监理,272843,市本级
南安市综合实践教育营地投资建设运营一体化项目（招标公告）,272842,南安市
浦园安置房（监理）（重新招标）,272837,厦门市
浦园安置房基坑支护及土石方工程（施工）（重新招标）,272836,厦门市
霞浦县公安局执法办案管理中心信息化工程项目,272835,霞浦县
宁德漳湾港铁路专用线围填海工程,272834,市本级
福州滨海新城CBD周边路网及管网配套工程（建设、运营一体化）-招标公告,272831,长乐市
城关街道人行街道海绵化改造项目(一期),272830,三元区
福州滨海新城漳江路延伸段及接线道路工程（建设、运营一体化）-招标公告,272829,长乐市
集美新城诚毅图书馆和大明广场地下通道工程（施工）,272825,厦门市
福建省政务网络监管平台-招标公告,272824,福建省
可门港区保障性租赁住房项目（一期）（全过程工程咨询）-招标公告,272823,连江县
福鼎市农产品物流集散中心项目（点头农贸市场）,272818,福鼎市
福安市赛岐老旧小区改造提升工程（片区改造提升及路网改造）第二期,272817,福安市
笏石镇镇级公益性公墓区项目,272816,秀屿区
下乐陶片区市政道路工程乐陶路东段延伸段提升工程（招标公告）,272814,德化县
福州教育研究院职教中心实习大楼加固改造工程（施工）-招标公告,272813,台江区
福建省莆田市秀屿区东岱三级渔港工程（重新招标）,272811,秀屿区
厦门软件园三期G36地块（施工“评定分离”）,272809,厦门市
浦城县2024年高标准农田建设项目(2023年增发国债项目)(续建)(九牧镇、濠村乡、仙阳镇)第一标段,272808,浦城县
福安市铁湖智慧产业服务中心建设项目（监理）,272802,福安市
东埔排洪渠流域（一农渠、东埔排洪渠东埔社区段）防洪整治工程（施工）,272797,厦门市
湖边学校基坑支护及土石方工程（施工）,272796,厦门市
福建福维新材料有限公司年产4000吨高端新材料项目工程总承包（EPC）,272795,永安市
浦城县新城片区排水防涝工程中的新城梦笔名郡片区排水及配套工程施工监理,272794,浦城县
莆田市紫霄片区（一期）地块四商品住宅项目（监理）,272793,荔城区
福满片区排水防涝整治工程-顶郊社区大菁洋片区,272790,漳平市
G235线尤溪县西滨镇刘坂村-梅仙镇坪寨村路段灾害防治工程设计施工总承包项目,272789,尤溪县
华安县城区排水提升工程（二期）——城区污水管网提质增效工程（四目坑、下坂片区）招标公告,272787,华安县
城厢区樟林软件园基础设施建设工程-D地块厂房无尘车间装修工程（11、27、28#楼）,272785,城厢区
曾营社区道路改造及房前屋后整治工程（施工）,272781,厦门市
武夷山高铁北站交通综合枢纽工程-仓储货运及其配套设施工程（工程总承包）,272779,武夷山市
S211线闽侯白沙镇联坑村至白沙镇汶溪村路面改造一期工程（K71+500-K73+000、K83+268-K85+445、K87+238-K89+000段）-招标公告,272777,闽侯县
罗源县老旧小区配套基础设施提升项目（华林御景小区）（监理）-招标公告,272776,罗源县
省道211线秀屿区东峤镇前沁村至埭头镇埭头村段路面改造工程,272774,市本级
闽江上游尤溪流域防洪三期工程（大田段）闽江尤溪流域防洪三期大田段工程施工监理,272772,大田县
祥和街道阳翟社区城中村现代化治理土楼里、东亭里环境和道路整治工程（施工）,272769,厦门市
福建省漳平抽水蓄能电站安全监督管理咨询服务招标公告,272768,漳平市
水口镇Y125溪兜至毛厝道路提级改造工程（招标公告）,272759,德化县
祥和街道阳翟社区城中村现代化治理西亭里、烧灰里、双溪口、泥山里环境和道路整治工程（施工）,272757,厦门市
囷瑶村毛穴广社房前屋后整治提升工程（施工）,272752,厦门市
沙县区金沙金古片区地下管网改造工程金古路管网改造（金古南区基础设施提升）,272748,沙县
武夷山国家气候观象台业务平面和业务运行环境建设项目,272747,武夷山市
长乐区南阳景区旅游基础设施改造项目全过程工程咨询（重新招标）-招标公告,272744,长乐市
将乐县寒际水库工程可行性研究阶段勘察设计,272742,将乐县
福安市铁湖智慧产业服务中心建设项目（施工）,272737,福安市
九龙江流域龙津溪枋洋段水污染治理水质提标项目（一期）招标公告,272736,长泰县
蔡塘片区市政工程（二期）（勘察设计“评定分离”）,272734,厦门市
霞浦县北壁乡道路建设品质提升改造工程（一期）,272733,霞浦县
连江县黄岐湾筱埕海域海洋生态保护修复工程-招标公告,272732,连江县
一农社区（湖头、山边洪）道路提升及路灯改造工程-（施工）,272727,厦门市
规划农富路（圣王大道至打山西路）(重新招标）招标公告,272726,市本级
龙文区住宅小区供水设施改造项目招标公告,272725,市本级
武夷山世界文化与自然遗产地保护展示项目-双世遗区域保护展示宣教基地（武夷山区域）,272723,市本级
祥和街道阳翟社区城中村现代化治理二房三里、圳岸里环境和道路整治工程（施工）,272722,厦门市
惠安县西苑南路（后厝路-下埔路）道路工程（招标公告）,272718,惠安县
龙虎山路提升改造工程（施工）,272710,厦门市
周宁县咸村镇岭尾一桥至樟源桥头道路工程,272709,周宁县
福鼎市太姥山二级渔港工程（监理）,272708,福鼎市
安溪县2025年村道安全生命防护工程（龙门镇）（招标公告）,272707,安溪县
华东球根研发及育种综合治理大马山溪项目,272699,延平区
新旧普贤路交叉口快捷化工程（施工）（招标公告）,272698,丰泽区
安溪县德苑完全中学（暂名）暨安溪金火完全中学二期--行政综合楼、艺术楼等主体及附属工程（招标公告）,272697,安溪县
福鼎市龙安及店下项目集中区综合提升改造项目综合污水排放管道工程（陆域段）及隧洞开挖剩余土石方处置一体化项目,272696,福鼎市
顺昌县集镇污水提升改造项目-金山污水处理厂提标改造工程,272695,顺昌县
新民街道柑岭村城中村现代化治理道路改造及环境整治工程（施工）,272693,厦门市
西湖片区初雨控制及水环境提升工程-排水管网新建、修复改造工程（第3标段）（施工）-招标公告,272690,鼓楼区
闽江上游尤溪流域防洪三期工程（大田段）闽江尤溪流域防洪三期大田段工程,272687,大田县
数字古田智慧城市能力提升项目（应急广播体系建设工程）二次招标,272685,古田县
建宁红一方面军领导机关旧址保护提升项目工程总承包,272684,建宁县
南平市建阳区回瑶污水处理厂扩容及提标改造工程-配套管网建设（一期）项目一体化泵站及相关设备采购,272683,建阳区
2025永安市县级干线公路养护工程包,272681,永安市
渐美九年制学校（监理“评定分离”）,272679,厦门市
祥平街道溪声社区城中村现代化治理下庄里、后溪里环境整治工程（施工）,272678,厦门市
永春县农产品集中加工区-农副产品标准化厂房（二期）供配电工程（招标公告）,272672,永春县
莆田市燃气管道等老化更新改造工程（一期）项目（监理）,272670,市本级
福鼎市点头镇马洋新村项目土石方工程,272668,福鼎市
永春县城区水系联排联调项目可研及实施方案勘察、设计（二次招标）（招标公告）,272665,永春县
东山苏峰山景区基础设施及配套项目——苏峰山道路及配套景观绿化提升工程招标公告,272664,东山县
富美龙山溪乡村振兴示范带（龙山镇智慧农业示范区建设项目农旅小镇）,272662,南靖县
列西街道恒大御龙天峰片区防洪排涝及城市海绵化提升工程,272657,三元区
武夷新区核心区管廊工程大红袍路段（设计施工采购一体化）,272655,市本级
莆田市秀屿区实验中学新校区建设项目（艺术馆、文体活动馆),272654,秀屿区
大同街道碧岳社区城中村现代化治理道路改造及环境整治工程（施工）,272653,厦门市
厦门翔安机场东航基地一期地服机务保障区项目桩基、基坑支护及土石方工程（施工）,272652,厦门市
2012JP03地块A5子地块主塔楼装修工程（施工“评定分离”）,272649,厦门市
后坑河道整治工程项目-招标公告,272646,福清市
后坑河道整治工程项目-招标公告,272645,福清市
东街村七壶茶厂厂房建设项目,272642,沙县
福安市铁湖智慧产业物流中心项目（施工）,272641,福安市
福安市铁湖智慧产业物流中心项目（监理）,272640,福安市
美国领事馆旧址展示利用工程项目（施工）,272637,厦门市
国家紧急医学救援（福建）基地项目全过程工程咨询-招标公告,272633,福州市
炉下之问斜溪生态环境提升工程,272632,延平区
泉惠石化工业区2×660MW超超临界热电联产工程带式输送机设备采购项目（招标公告）,272631,惠安县
宁德市新能源智造五里洋园区项目（一期）-基础配套设施建设项目、园区污水管道尾水工程（勘察设计）,272628,蕉城区
开元滨江阳光6#-1地块6号楼室内装修工程,272627,延平区
浦城县粮食产业园-一期标准厂房室内装饰、装修及附属工程施工监理,272626,浦城县
浦城县粮食产业园-一期标准厂房室内装饰、装修及附属工程,272625,浦城县
英林村旧村改造（一期）项目区间道路一（招标公告）,272624,晋江市
漳州台商投资区龙江片区排洪渠工程（龙屿港支河3）,272623,漳州台商投资区
厦门临空经济片区九溪路与航美大道互通工程（一期）（施工）,272622,厦门市
厦门临空经济片区九溪路与航美大道互通工程（一期）（监理）,272621,厦门市
尤溪县生活垃圾焚烧发电项目（EPC+O）（重新招标）,272618,尤溪县
园田塘村综合服务用房建设项目,272617,新罗区
南平市武夷新区赤岸污水处理厂扩容及配套设施更新改造工程—水解酸化池、生化池，二沉池、脱水车间及配套设施项目,272616,市本级
南平市闽北经济开发区城乡供水保障及附属工程（二期）工程总承包+运营,272615,市本级
三明市2025年度三元区莘口镇“润泽库区造福移民”建设项目（重新招标）,272612,三元区
京东方大道提升改造工程（施工）-招标公告,272610,福清市
连城县中心城区排水防涝能力提升工程一期-老莲塘路及大坪路排水管网改造工程,272609,连城县
延平区西芹溪西芹段三期中小河流治理工程,272605,延平区
翔安南部片区望嶝道（翔安东路-九溪路）一期工程（施工“评定分离”）,272604,厦门市
翔安南部片区望嶝道（翔安东路-九溪路）一期工程（监理）,272599,厦门市
延平区紫云片区老旧小区改造配套基础设施建设项目,272595,延平区
南安市韧性城市提升工程（管网部分）施工监理（招标公告）,272594,南安市
漳武线西环城互通出入口及连接线工程（连接线工程）招标公告,272593,市本级
漳州市长泰区城西体育公园工程（二期）,272590,长泰县
政和县城区燃气管网及设施设备改造提升工程（一期）,272589,政和县
大田县石华坑水库工程勘察设计,272587,大田县
2023XG04地块建筑夜景照明工程（施工）,272586,厦门市
南平市延平区文田垃圾填埋场封场工程一期工程（应急治理工程）,272585,延平区
环东海域新城东西溪入海段护岸完善工程（施工）,272582,厦门市
清流县氟新材料产业园金星片区污水处理厂及配套附属设施工程工程总承包（EPC+O）,272573,清流县
金沙园北区综合工业区B1厂房维修工程监理,272572,沙县
福安市2025老旧小区改造项目（一期）第1阶段工程监理,272570,福安市
喜力二期挡墙等配套工程（施工）,272568,厦门市
福州市晋安老城区地下管网改造提升工程（二期）（施工）-招标公告,272567,晋安区
金盛路下穿通道工程（勘察设计“评定分离”）,272566,厦门市
观音山变#1主变及构架等设备更换工程主变采购招标公告,272562,龙海市
政和县镇前镇特色蔬菜产业提升工程全过程工程咨询,272560,政和县
古田食用菌三链融合产业园基础设施建设（一期）项目（大吉路翠屏湖二桥至三叉路口段道路工程）--二标段,272559,古田县
福安市城区排水设施提升改造工程（一期）金湖路东片区雨污水管网改造项目（监理）,272558,福安市
南安市第三中学高中扩建项目（招标公告）,272557,南安市
古田食用菌三链融合产业园基础设施建设（一期）项目（大吉路翠屏湖二桥至三叉路口段道路工程）--二标段施工监理,272556,古田县
福州市第一总医院内科楼及急诊楼病房改造项目第2标段（内科楼装修工程）（施工）-招标公告,272555,福州市
福安市城区排水设施提升改造工程（一期）金湖路东片区雨污水管网改造项目工程（施工）,272554,福安市
罗源县老旧小区配套基础设施提升项目（华林御景小区）（施工）-招标公告,272553,罗源县
前村社市政道路工程（设计“评定分离”）,272552,厦门市
福清一中体育馆修缮工程（施工）-招标公告,272551,福清市
生物医药特种检测中心建设工程（施工）,272542,厦门市
祥平街道溪声社区城中村现代化治理赤土楼里、金岗山里、竹仔林里环境整治工程（施工）,272540,厦门市
城关街道口袋公园海绵提升项目,272537,三元区
福清市石竹山坝头至紫云宝塔环境整治工程（施工）-招标公告,272532,福清市
S201（联七线）路亭（霞浦界）至柘荣城（关段公路（路亭至鸳鸯头叉口段） （监理）,272531,柘荣县
福安市2025老旧小区改造项目（一期）第1阶段工程,272528,福安市
南靖县东部片区排水防涝能力提升工程（一期）招标公告,272525,南靖县
泉州白濑水利枢纽工程剑斗云溪、白濑寨坂安置区自来水工程（招标公告）,272520,安溪县
泉港石化工业园区洋屿、仙境片区公共应急池工程设计（招标公告）,272512,泉港区
华安九龙工业园龙华大道市政道路工程勘察设计招标公告,272510,华安县
浦城县新城片区排水防涝工程中的新城梦笔名郡片区排水及配套工程施工,272509,浦城县
金东公路污水主干管病害修复工程（招标公告）,272506,晋江市
福建省龙岩市上杭县东南片区全民健身中心项目,272502,上杭县
永春县排水管网空白区建设工程（招标公告）,272491,永春县
坦洋红色主题客栈二期二次装修工程,272490,福安市
泉州市区拥堵及隐患治理工程（招标公告）,272489,市本级
大田县城区排水防涝市政设施提升改造工程（二期）—后坂洋片区,272484,大田县
金砖数字工业智谷装修工程（施工“评定分离”）,272482,厦门市
长乐和平街特色历史文化街区保护提升项目（设计）（重新招标）-招标公告,272481,长乐市
国道G534线尤溪象山至坂面段公路工程,272480,尤溪县
莆田市公安局荔城分局办公场所过渡搬迁改造建设工程,272479,荔城区
2025年翔安区香山街道大宅社区（二期）高标准农田建设项目（施工）,272478,厦门市
大同街道古庄村城中村现代化治理道路改造及环境整治工程（施工）,272477,厦门市
南安市官桥智能化食品加工配送一体化项目防护绿地（南安市官桥智能化食品加工配送一体化项目南侧边坡水毁安全防护工程）（招标公告）,272476,南安市
霞浦县2025年度农村公路安全生命防护工程（重新招标）,272475,霞浦县
凤葱美路（现状村道口至深青路段）道路工程（施工）,272474,厦门市
霞浦县台湾精致农业生产示范基础设施建设项目（市政工程）一台湾风情一条街展销 区街面提升工程、崇儒台湾精致农业展销区人居环境整治（监理）,272472,霞浦县
福鼎市职业教育实践基地（赤溪校区）项目设计,272467,福鼎市
角嵩路道路交通改善工程（勘察设计“评定分离”）,272465,厦门市
2025年度多功能交通量监测站和重点巡查基础设施监控建设工程（招标公告）,272464,市本级
政和县城区排水通道及排水管网改造提升工程-飞凤山片区改造提升工程,272460,政和县
集美新城核心区西亭片区市政配套道路工程一期（施工）,272453,厦门市
湄洲湾港秀屿港区秀屿作业区2#、3#泊位工程（一期工程）施工监理-招标公告,272452,福建省
福建省将乐县第一中学高中学生宿舍楼项目,272450,将乐县
福清市龙江重点流域水环境综合治理项目勘察设计及专题报告-招标公告,272448,福清市
福州高新区地质灾害隐患点村镇办段治理工程（施工）-招标公告,272447,福州市高新技术开发区
邵武市经济开发区基础设施建设项目邵武经济开发区基础设施建设香林、龙川、紫金平台道路缘石改造工程,272446,邵武市
惠安县小岞镇前峰等5个村供水提升工程（招标公告）,272444,惠安县
辋川镇京山、试剑、坪埔等3个村供水管网延伸工程（招标公告）,272443,惠安县
南安市韧性城市提升工程（管网部分）工程总承包项目（招标公告）,272442,南安市
惠安县排水防涝综合提升工程（一期）—世纪大道周边污水管网改造工程（招标公告）,272441,惠安县
漳州市龙海区公益性公墓工程,272440,龙海市
建宁（闽赣）国际陆港智慧运营服务中心建设项目监理,272439,建宁县
2025年明溪县胡坊镇高标准农田建设项目（改造提升）,272438,明溪县
寿宁县红色下党沿线生态修复及生态产业价值提升项目——黄槐湖生态廊道配套设施及生态停车场工程,272436,寿宁县
2025年明溪县胡坊镇高标准农田建设项目,272435,明溪县
中央储备粮漳州直属库有限公司仓储项目（监理）招标公告,272434,龙海市
中央储备粮漳州直属库有限公司仓储项目（施工）招标公告,272433,龙海市
东大街西段-城市活动中心项目（施工）招标公告,272432,平潭综合实验区
曹溪月山村综合服务用房,272431,新罗区
亭江农村生活污水整治工程（二期）（第三标段）（施工）-招标公告,272430,马尾区
西柯街道西浦村城中村现代化治理道路改造及环境整治工程（施工）,272429,厦门市
平潭智能制造产业园区项目（一期）（施工）招标公告,272428,平潭综合实验区
金龙南路与灌新路交叉口及金龙南路提升改造道路工程（施工）,272426,厦门市
国道G235线尤溪西城至新阳（大田界）公路工程溪坂养护工区建设项目,272423,尤溪县
万达南片区周边道路建设工程（二期）,272421,城厢区
安溪县城区市政道路雨污分流改造项目（二环路段）（招标公告）,272420,安溪县
宁德市溪南半岛水产品集散中心项目勘察设计,272419,霞浦县
东厦镇农贸综合服务中心建设项目招标公告,272418,云霄县
台创园提升改造工程（金井码头附属园区仓库周边配套提升项目）--智慧园区管理平台招标公告,272413,平潭综合实验区
平潭智能制造产业园区项目（一期）（监理）招标公告,272410,平潭综合实验区
汀溪镇褒美村“芋见褒美”文旅产业配套项目（施工）,272403,厦门市
同翔高新城产业公共服务配套建设项目-翔安东路延伸段二期工程-科创大道（九坝溪路-新曦大道）道路工程（设计“评定分离”）,272402,厦门市
大田县域文江溪底泥详细调查与工程勘察及实施段污染底泥整治效果评估项目,272401,大田县
G228线K4464+050-K4465+206路面提升改造工程-招标公告,272400,罗源县
黛溪屏南县代溪镇长宦村至代溪村段、熙岭乡乾头村段防洪工程-熙岭乡段,272398,屏南县
火炬智能制造产业园五期项目主体工程（施工“评定分离”）,272397,厦门市
屏南县城乡供水一体化（二期）工程 -中心城区供水片区项目,272393,屏南县
莆田第九中学建设工程（一期）监理,272387,荔城区
漳浦县城乡供水一体化工程（二期）监理,272385,漳浦县
黛溪屏南县代溪镇长宦村至代溪村段、熙岭乡乾头村段防洪工程-代溪镇段,272379,屏南县
晋江市晋南片区老旧供水管网改造及智能监测提升工程三期（第二标段）（招标公告）,272378,晋江市
晋江市金井镇钞岱回族村综合服务中心及配套设施—1#综合服务中心（招标公告）,272377,晋江市
龙海区浮宫镇农贸市场提升改造工程新建供配电项目,272375,龙海市
漳平市富山社区周边自建房雨污分流改造工程,272374,漳平市
福州市仓山区建新片区城中村内涝整治工程项目（监理）-招标公告,272372,仓山区
南靖县船场镇单村供水工程施工招标公告,272368,南靖县
厦门大学国家大学科技园（德化园）片区道路二期场平工程（D-01地块）（招标公告）,272365,德化县
福安经济开发区绿色经济产业园配套基础设施项目-观里园区溪边路工程勘察设计,272363,福安市
福建省级机关医院医技楼加固改造及消防水池工程第二标段（施工）-招标公告,272362,福州市
厦门市轨道交通6号线集美至同安段工程（嘉庚体育馆站至同翔高新城站）机电安装及装修工程、轨道工程（监理“评定分离”）,272361,厦门市
漳州台商投资区中部片区老旧街区配套改造项目-旧城区背街小巷道路及附属配套改造工程,272357,漳州台商投资区
小蕉村文旅客栈提升改造项目,272355,三元区
云霄县河道生态保护修复项目、云霄县河道疏浚清淤工程初步设计和详勘招标公告,272353,云霄县
漳浦县城乡供水保障工程（朝阳水库至漳浦二水厂输水管道）一期监理招标公告,272352,漳浦县
德化紫洋陶瓷科技文化产业园项目--道路及边坡防护绿地工程（电缆管道预埋工程）（招标公告）,272349,德化县
2025JP02地块及配套工程（施工“评定分离”）,272346,厦门市
霞浦县城乡供水一体化工程（单村集中供水工程与分散式供水工程）工程总承包（EPC）监理,272341,霞浦县
闽台经贸可持续发展产业园区及配套基础设施项目第一标段-福州市火车南站东片区排水防涝能力提升工程（施工图设计、施工一体化）-招标公告,272339,福州市
龙岩市新罗区西陂街道老旧小区改造提升工程一期,272338,新罗区
霞浦县城区排水设施提升改造工程（一期）——A标段,272337,霞浦县
福建省洛阳江幸福河湖建设项目全过程工程咨询（招标公告）,272335,洛江区
2025年宁德公司长大桥梁结构监测及桥群轻量化监测系统建设工程项目-招标公告,272334,福建省
福清市土投土地开发有限公司通晟大楼（施工）-招标公告,272333,福清市
霞浦县台湾精致农业生产示范基础设施建设项目（市政工程）一台湾风情一条街展销区街面提升工程、崇儒台湾精致农业展销区人居环境整治,272332,霞浦县
建阳经济开发区徐市片区北岸宝兴垄临时排水工程,272331,建阳区
柘荣县凤岐古民居文旅基础设施提升项目勘察设计,272329,柘荣县
2025年福建宁德市海洋生态保护修复项目设计施工总承包（重新招标）,272328,霞浦县
湄洲湾港秀屿港区秀屿作业区 2#、3#泊位工程（一期工程）-招标公告,272327,福建省
2025年新罗区适中等4个镇高标准农田建设项目(新建及改造提升),272326,新罗区
2025年连城县北团等2个乡（镇）高标准农田建设项目（新建及改造提升）(北团镇孙台片)、2025年连城县北团等2个乡(镇)高标准农田建设项目（新建及改造提升）(北团镇柯坊片),272324,连城县
美林街道后田社区城中村现代化治理蔡林和后詹里环境整治工程（施工）,272320,厦门市
新建新步渠、新步排涝泵站及周边雨水收集系统等提升工程-新步渠及新步排涝泵站工程（招标公告）,272318,鲤城区
宁化县毓政路道路工程,272307,宁化县
漳州市公安局龙文分局执法办案管理中心项目招标公告,272306,市本级
2024P16地块建设项目全过程工程咨询,272305,市本级
洪塘片区地下排水管网改造工程（施工）,272303,厦门市
龙海市水系连通及农村水系综合整治工程（榜山至白水段）-增效项目施工招标公告,272297,龙海市
福厦高铁土地综合开发用地排洪渠工程-孙霞路、仁德路排洪渠（施工）,272296,厦门市
泉港第一中学新校区（高中部）项目（招标公告）,272290,泉港区
涵江区萩芦溪河道整治工程（庄边段）,272286,涵江区
峰市集镇市场功能恢复项目,272282,永定县
福州市浦西路道路工程（施工）-招标公告,272279,台江区
福安市城镇环境卫生垃圾处理工程（垃圾处理中心）（监理）,272275,福安市
福建武夷山武鑫工贸有限公司管理用房及附属设施修缮改造项目,272271,武夷山市
莆田市燃气管道等老化更新改造工程（一期）项目（设计、采购、施工、运营一体化）,272268,市本级
泉州至厦门至漳州城际铁路R1线（厦门段）土建工程监理1标,272267,厦门市
厦门ABB工业园区二期2.3MW分布式车棚光伏发电项目（施工）,272265,厦门市
漳州市公安局龙文分局执法办案管理中心项目施工监理招标公告,272264,市本级
福安市公安局赛岐派出所业务用房装饰工程,272263,福安市
数字古田智慧城市能力提升项目（应急广播体系建设工程）,272262,古田县
金沙园北区综合工业区B1厂房维修工程,272257,沙县
2025年福建宁德市海洋生态保护修复项目（监理）,272256,霞浦县
沙埔公共交通枢纽场站（施工）-招标公告,272255,福清市
连城县城镇污水处理设施更新改造项目-莲中路污水管网更新改造工程,272254,连城县
木兰溪流域（华亭镇段）水生态环境综合治理工程,272250,城厢区
三明生态新城如意湖湿地公园海绵化提升工程（二期）,272246,沙县
福长路周边环境综合整治工程（施工）-招标公告,272245,福清市
漳州市南靖县城区市政地下排水管线升级改造工程（怀远路片区排水管线升级改造工程）监理,272244,南靖县
航城智创中心（勘察设计“评定分离”）,272239,厦门市
永安市公安局公安业务技术用房和执法办案中心建设项目全过程工程咨询,272238,永安市
长乐G228线文岭阜山隧道病害维修工程-招标公告,272236,长乐市
永泰县上马路、后垅路污水改造工程（施工）-招标公告,272235,永泰县
航城智慧物流园（勘察设计“评定分离”）,272233,厦门市
G357线上杭县黄坊村至武平县十方高速出口路面改造工程、武平县G357、G358线沥青路面改造工程设计、大修、养护总承包,272231,武平县
龙门滩镇大溪湖坂格至暗畲屏公路工程(重新招标)（招标公告）,272230,德化县
政和县东平镇 Y302 线碗厂至柿田（K3+250-K5+681 段）公路改造工程,272227,政和县
将乐县粮食产后服务中心建设项目-万安基地,272226,将乐县
厦门海洋高新技术产业园区启动区一期项目-浯江道沿线配套设施项目（设计“评定分离”）,272223,厦门市
厦门海洋高新区启动区二期项目-欧厝东水系东侧市政道路工程（设计“评定分离”）,272222,厦门市
莲垵片区城中村改造配套基础设施一纬一路（招标公告）,272207,丰泽区
黄尾密鲴国家级水产种质资源保护与生态修复项目（田源乡田口村）,272205,清流县
霞美镇消防站（招标公告）,272203,南安市
福建晋江国际产业加速器项目（一期）施工监理（招标公告）,272202,晋江市
福建晋江国际产业加速器项目（一期）（招标公告）,272201,晋江市
小溪小区安置地项目电力工程（招标公告）,272200,德化县
漳州市南靖县城区市政地下排水管线升级改造工程（怀远路片区排水管线升级改造工程）,272199,南靖县
翔安南部欧厝-蔡厝沿岸海域生态修复项目-三期工程（施工“评定分离”）,272198,厦门市
翔安南部欧厝-蔡厝沿岸海域生态修复项目-三期工程（监理）,272197,厦门市
漳平市2024年高标准农田“五化”建设省级示范项目,272191,漳平市
福清市龙田镇上苍村2024年土地整治项目（施工）-招标公告,272189,福清市
福州长乐国际机场二期扩建工程机场工程航站区工程景观绿化工程（施工）-招标公告,272188,长乐市
英村保障性住房（一期）主体工程（施工“评定分离”）,272186,厦门市
2025年福建宁德市海洋生态保护修复项目设计施工总承包,272183,霞浦县
福州市仓山区建新片区城中村内涝整治工程项目（施工图设计、施工一体化）-招标公告,272182,仓山区
东山发展广场项目（一期工程）外线引入及低压出线工程招标公告,272179,东山县
漳浦县专门学校招标公告,272176,漳浦县
漳州普通国省道多功能交调站建设和升级项目,272175,市本级
桃源滞洪排涝工程（招标公告）,272169,市本级
长汀南大街历史文化街区保护提升项目（名城保护提升部分）监理,272164,长汀县
福建福海创石油化工有限公司芳烃装置优化节能改造项目三台绕管式换热器招标公告,272160,市本级
潭头福星渔港配套道路工程一航猴线琅岐大桥至潭头福星村段提升改造工程（马尾琅岐镇劳光村-长乐潭头镇潭头村路面改造工程（二期）（施工）-招标公告,272155,长乐市
漳州市漳浦县城区污水处理厂设备更新工程招标公告,272153,漳浦县
松溪县总医院及分院改扩建项目-县域体检中心（茶平）改扩建工程监理,272151,松溪县
尤溪县联合镇2024年高标准农田建设新建及改造提升项目（二期）,272146,尤溪县
尤溪县城区教育体育基础设施提升工程包工程总承包,272145,尤溪县
台湾小镇提升改造工程（施工）招标公告,272144,平潭综合实验区
晋安湖东侧地块“三创”示范园-企业孵化中心项目（装修部分）-招标公告,272143,晋安区
福清市龙田镇树下村2024年土地整治项目（施工）-招标公告,272139,福清市
安溪县医院长卿分院项目第二期二次装修工程（招标公告）,272137,安溪县
宁德蕉城区好西乡农产品批发市场（洋中镇上坎村农产品集散中心）,272127,蕉城区
美林街道湖安社区城中村治理村庄道路改造工程（施工）,272123,厦门市
福建福海创石油化工有限公司芳烃装置优化节能改造项目高通量换热器招标公告,272121,市本级
政和县第一中学南门校区（高中部）建设项目方案、初步设计,272119,政和县
片仔癀健康美妆园一期（5#~6#厂房、7#仓库、门卫一、门卫二、地下消防水池及水泵房）片仔癀健康美妆园一期（5#-6#厂房、7#仓库）电力工程,272114,市本级
长汀南大街历史文化街区保护提升项目（名城保护提升部分）建设运营一体化,272109,长汀县
漳州台商区第一中学龙江校区（二期）施工监理招标公告,272106,漳州台商投资区
宁化县城南镇横锁村至肖家村道路硬化项目,272103,宁化县
霞浦县城乡供水一体化工程七都溪渡头堰坝防渗加固项目（监理）,272096,霞浦县
霞浦县城乡供水一体化工程七都溪渡头堰坝防渗加固项目,272095,霞浦县
东山县行政事业单位及国有企业建筑分布式光伏资源开发项目（一期）－漳州市东山县屋顶太阳能资源开发项目工程总承包（EPC）（第二次）招标公告,272093,东山县
福建医科大学乌山校区E教学楼装修改造项目全过程咨询-招标公告,272091,福州市
龙祥岛江中村生态农业基础设施改造提升工程（施工）-招标公告,272090,闽侯县
竹西村农业休闲观光园建设（施工）-招标公告,272088,闽侯县
福建漳州古雷后崎110kV输变电工程（EPC）（重新招标）,272080,市本级
三明市将乐县城区排水防涝设施建设项目（水南片区一期）三明市将乐县城区排水防涝设施建设项目（水南片区一期B标段）,272074,将乐县
市管雨水管道普查缺陷修复工程（二期）勘察设计（招标公告）,272072,市本级
鼓楼区园垱街北侧道路改造工程（施工）-招标公告,272069,鼓楼区
莆田市农产品综合批发市场项目（一期）施工监理,272068,涵江区
漳州台商区第一中学龙江校区（二期）招标公告,272067,漳州台商投资区
天安经典I、II期老旧小区改造提升工程,272066,市本级
福安市城镇环境卫生垃圾处理工程（垃圾处理中心）（一期）,272065,福安市
同文市民活动中心（设计“评定分离”）,272064,厦门市
秀屿区基础设施综合提升多域兴农项目-清塘大道改造提升（一期）,272061,秀屿区
洪塘路（旧国道 324 线）（高新大道-同翔大道段）提升改造工程（监理）,272060,厦门市
洪塘路（旧国道 324 线）（高新大道-同翔大道段）提升改造工程（施工）,272055,厦门市
2025-2027年宁德高速公路宁古及宁上溪南段日常养护工程（绿化、普修）项目-招标公告,272054,福建省
福厦高铁配套综合开发区域仑上路工程（施工）,272053,厦门市
永定区龙湖水域渡口码头改造提升项目【一期，水下部分；二期，水上部分（棉花滩库区道路连接及基础设施建设）】,272052,永定县
南平市建阳区行署大院老旧小区配套基础设施提升项目—（三期工程）,272051,建阳区
福建省漳平抽水蓄能电站工程土建、金属结构及物探试验检测服务招标公告,272050,漳平市
沙县至南平高速公路南平段工程际下服务区、徐市服务区空调设备及排风系统采购,272046,顺昌县
菜园村综合服务用房,272045,新罗区
福建福海创石油化工有限公司芳烃装置优化节能改造项目37-C-105苯甲苯塔,272041,市本级
莲花镇云洋村农文旅动线改造工程（施工）,272040,厦门市
莲花镇蔗内村农文旅动线改造工程（施工）,272039,厦门市
沙县铁路公园（一期）海绵化改造,272037,沙县
平潭综合实验区总工会智慧工会平台项目招标公告,272036,平潭综合实验区
S201（联七线）路亭（霞浦界）至柘荣城关段公路（路亭至鸳鸯头叉口段）,272035,柘荣县
平和县移民工业创业园建设项目外电工程设计招标公告,272033,平和县
鼓楼区得贵巷道路改造工程（施工）-招标公告,272032,鼓楼区
漳浦县城乡供水保障工程（朝阳水库至漳浦二水厂输水管道）一期招标公告,272027,漳浦县
福建福海创石油化工有限公司芳烃联合装置优化节能项目腾龙芳烃（漳州）有限公司芳烃装置优化节能改造项目设计采购施工（EPC）总承包,272024,市本级
美林街道湖安社区城中村治理房前屋后整治工程（施工）,272019,厦门市
火炬（翔安）产业区友达回购地块（西侧）配套市政道路工程（施工）,272017,厦门市
宁德三都澳海洋经济高质量发展开发建设项目-水产交易市场,272015,蕉城区
三明市沙县区水北片老旧管网排水防涝系统化升级改造项目（东门片区）施工监理,272013,沙县
三明市建宁县县域充换电设施补短板试点项目初步设计,272011,建宁县
浦城县浦潭产业园生物制造中试基地建设项目–一、二期,272003,浦城县
浦城县浦潭产业园生物制造中试基地建设项目–一、二期施工监理,272002,浦城县
福州经济技术开发区长安工业园区排水管网工程（一期）（第二标段）（施工）-招标公告,272001,马尾区
Y007城莒线城南三期段公路拓宽工程设计、施工总承包（EPC）,271995,尤溪县
政和县城乡供水一体化建设项目西津至政和配水管网工程,271985,政和县
五新商业广场（投资、建设一体化）-招标公告,271984,晋安区
建瓯市水源乡古丁洋水库工程设计,271983,建瓯市
南平市建阳区托育综合服务中心建设项目,271976,建阳区
泉州台商投资区老旧小区改造工程（一期）一标段工程（招标公告）,271974,泉州台商投资区
大田县城区排水防涝市政设施提升改造工程（二期）和 大田县老旧小区改造工程配套基础设施建设（七期）项目 全过程咨询服务,271973,大田县
金岭工业园乡村振兴共富产业园基础设施建设,271966,光泽县
厦门园博海韵佰翔酒店项目（设计“评定分离”）,271965,厦门市
马青路西段污水管道工程（施工）,271964,厦门市
大田广平至安溪官桥高速公路三明段施工全过程造价审核服务,271963,市本级
兰水学苑地块（PS拍-2023-11号）开发建设项目施工监理,271962,荔城区
2025年新罗区中城城市片区更新省级样板工程  招标公告,271960,新罗区
泰宁县城市地下供水管网设施建设改造项目（水东片区）,271956,泰宁县
武平县域医共体资源共享中心建设项目全过程工程咨询,271955,武平县
金涵琼堂村规划道路（南阳农贸中心段）,271954,蕉城区
福建省永安抽水蓄能电站机电设备安装工程,271951,永安市
龙江置汇里(2024P20地块)项目方案设计、初步设计（含概算）(第二次）招标公告,271950,市本级
翔鹭码头投资管理（漳州）有限公司码头新建煤仓及输煤系统改造项目设计采购施工（EPC）总承包,271949,市本级
G1535潮州至南昌高速公路三明宁化曹坊至建宁均口段造价咨询服务,271945,市本级
安溪县龙涓乡宝都英坑至吉山公路改建工程（招标公告）,271944,安溪县
永春县仙溪水库工程可研、设计阶段勘察设计（招标公告）,271938,永春县
福满片区排水防涝整治工程—解放路北侧片区,271936,漳平市
柳河路以南旧改地块出让地（二）配套道路工程-招标公告,271935,鼓楼区
观澜云境工程总承包+投融资合作（招标公告）,271934,晋江市
华安县城乡一体化教育补短板项目（华安县第三实验小学、华安县实验中学）施工图设计（第二次）招标公告,271932,华安县
泉州至厦门至漳州城际铁路R1线（泉州段）工程先行开工段（池店站）土建施工（招标公告）,271931,市本级
沙县区金沙金古片区地下管网改造工程-书香名居南侧道路管网改造工程（重新招标）,271930,沙县
泉州至厦门至漳州城际铁路R1线（泉州段）工程先行开工段（池店站）土建施工监理（招标公告）,271927,市本级
晋江市实验小学（凤竹校区）扩建项目二期工程--科技楼（招标公告）,271922,晋江市
国兴大广场排涝整治工程（招标公告）,271920,丰泽区
龙门滩镇大溪湖坂格至暗畲屏公路工程（招标公告）,271919,德化县
环三都澳湾区福安湾坞半岛污水处理厂尾水深海排放工程（一期）（监理）（重新招标）,271917,福安市
华安县仙都镇大地村茶叶初加工保鲜存储项目（强村带弱村）二次招标公告,271916,华安县
霞浦县小区幼儿园建设工程-中茵外滩锦城幼儿园、建发望潮花园幼儿园、中茵珑悦国际幼儿园提升改造工程项目,271913,霞浦县
泉州至厦门至漳州城际铁路R1线（厦门段）土建工程施工1标,271912,厦门市
环三都澳湾区福安湾坞半岛污水处理厂尾水深海排放工程（一期）（施工）（重新招标）,271911,福安市
同安区档案信息中心建设项目（施工“评定分离”）,271908,厦门市
泉州至厦门至漳州城际铁路R1线工程（漳州段）工程施工项目土建SX标段招标公告,271907,市本级
泉州至厦门至漳州城际铁路R1线工程（漳州段）工程施工项目土建SX标段施工监理招标公告,271906,市本级
福建医科大学附属协和医院于山院区13号楼南区加固改造装修全过程咨询服务-招标公告,271903,鼓楼区
武夷山临安旅游基础设施提升改造项目-一期工程总承包,271899,武夷山市
福建三钢闽光股份有限公司厂区海绵化改造提升项目,271895,市本级
龙岩中心城区城北片区供水安全保障提升工程—小区给水管网改造及DN40以下逾龄水表更换项目（二、三、四标段）招标公告,271894,市本级
厦门港诏安港区进港航道一期工程施工图设计招标公告,271893,市本级
邵武市城郊镇皇庭新世界玺院小区人才用房室内装修工程,271892,邵武市
邵武市总医院及分院能力提升项目--通泰街道社区卫生服务中心整体搬迁改建项目,271890,邵武市
南靖县第一中学新建图书馆项目,271889,南靖县
漳州市长泰区中山南路——后庵片区城市更新后庵片区项目（一期）装修工程招标公告,271888,长泰县
长泰一中过街天桥工程,271887,长泰县
龙岩中心城区城北片区供水安全保障提升工程—小区给水管网改造及DN40以下逾龄水表更换项目（一标段）招标公告,271886,市本级
九头马古民居（全国重点文物保护）周边旅游配套设施提升改造项目全过程工程咨询-招标公告,271885,长乐市
金岭工业园电子科技园改造工程,271884,光泽县
周宁工业园区梨坪八蒲工业组团区基础配套设施（一期）建设项目-七步镇登科变至梨坪工业园区电力设施基础配套工程,271882,周宁县
莆田市秀屿区埭头黄岐三级渔港工程（重新招标）,271879,秀屿区
惠安县防洪排涝及污水提质增效项目—崇武镇镇区污水管网提质增效项目（一期）（招标公告）,271877,惠安县
洛江区田当路市政道路改造提升工程勘察设计（招标公告）,271876,洛江区
列西街道禁毒公园海绵化提升改造项目,271874,三元区
汀江流域上杭县中都段水环境综合治理项目（一标、二标）,271869,上杭县
三明渔溪水库工程可行性研究阶段勘察设计（含相关专题）,271865,市本级
汀江流域上杭县中都段水环境综合治理项目（三标）,271864,上杭县
厦门市海沧清水进岛一期工程（马青路-本岛段）（施工“评定分离”）,271862,厦门市
闽江尤溪流域防洪三期工程（尤溪段）设计采购施工总承包,271859,尤溪县
周宁县浦源镇东方红桥至钟山茶场公路工程,271857,周宁县
霞浦县新型智慧教育项目设计,271856,霞浦县
2025年明溪县夏阳乡高标准农田建设项目,271854,明溪县
泉州市正骨医院电子病历应用水平建设项目（招标公告）,271853,市本级
2025年福鼎市农村公路村道生命安防工程（评定分离）,271852,福鼎市
福州市住宅小区二次供水设施老化更新改造工程（一期）第1标段（施工）-招标公告,271849,福州市
厦门大学附属学校（高中部）（勘察设计“评定分离”）,271848,厦门市
同安区锐新路市政道路工程（施工）,271846,厦门市
九龙江北溪引水左干渠提升改造工程1标段（深青溪箱涵段及锦园泵站）（施工）,271844,厦门市
三明市三元区城区海绵化提升改造项目（二期）设计（二次）,271843,三元区
霞浦经济开发区霞台融合发展园基础设施建设项目全过程咨询,271842,霞浦县
政和县城东片区老旧小区基础设施改造项目-市民广场及周边整治提升项目,271836,政和县
闽江尤溪流域防洪三期工程（尤溪段）监理,271835,尤溪县
泉港区五里海湾体育公园一期工程（第一阶段）（招标公告）,271832,泉港区
福建省德化抽水蓄能电站安全监测工程（招标公告）,271828,德化县
福鼎市管阳镇天竹水库除险加固工程,271827,福鼎市
国道G228线秀屿栖梧至锦山段工程 施工监理,271825,市本级
松溪县大布粮食仓储新建项目（一期）,271824,松溪县
松溪县总医院及分院改扩建项目-县域体检中心（茶平）改扩建工程,271822,松溪县
2025年沙县区南霞乡高标准农田建设项目（新建及改造提升）一标段(松树坑村、南坑仔村)、二标段(龙松村)、三标段（蒋坡村、东周村）,271819,沙县
政和县镇前镇C292线宝岩山后至下园里岩头公路改造提升工程,271818,政和县
城北片区二院及汽车站雨污分流改造工程,271817,漳平市
安溪县蓝溪大桥改建工程勘察设计（招标公告）,271813,安溪县
福建福海创石油化工有限公司芳烃联合装置优化节能项目福建福海创石油化工有限公司芳烃装置优化节能改造项目37-C-105苯&甲苯塔塔内件,271811,市本级
上杭县优质大米产业共富基地项目1#厂房,271809,上杭县
古田县城区马挡溪片区地下管线改造工程（勘察设计）,271807,古田县
古田县城区城西排洪沟片区地下管线改造工程（勘察设计）,271806,古田县
惠安经济开发区园区基础设施补短板防风险工程项目（惠东污水厂扩建）设备采购及安装项目（招标公告）,271804,惠安县
泰宁县大田乡城乡联村道路建设工程,271802,泰宁县
2025年宁化县湖村镇高标准农田建设项目（新建及改造提升）（第一标段）、（第二标段）,271801,宁化县
2025年宁化县石壁镇高标准农田建设项目（新建及改造提升）,271799,宁化县
2025年宁化县安乐镇高标准农田建设项目（新建及改造提升）A标段、B标段,271797,宁化县
泉州台商投资区洛阳江口海洋生态保护修复项目全过程工程咨询（招标公告）,271795,泉州台商投资区
福建技师学院石狮（蚶江）校区三期工程一标段（重新招标）（招标公告）,271794,石狮市
城厢区2025年老旧小区改造项目—文献小区改造工程,271793,城厢区
福州市晋安区排水防涝及城市地下管网改造更新项目（一期）（施工图设计、施工一体化）-招标公告,271792,晋安区
永泰G355线K15+661-K26+630及K42+000-K44+630路面修复工程-招标公告,271791,永泰县
国道G228线福安下白石白招至渔江段公路工程（监理）,271790,福安市
福建省仙游县九仙溪水电开发有限公司水电站设备更新改造项目设计,271789,仙游县
青口汽车工业园区兰圃产业园新能源工业厂房（监理）-招标公告,271787,闽侯县
福建省罗源第二中学扩建工程（施工）-招标公告,271786,罗源县
厦门（新）站片区西北区市政道路及场平二期工程-站西四路雨污水工程延伸段（施工）,271785,厦门市
鼓楼区河东路道路改造工程（施工）-招标公告,271783,鼓楼区
沈海高速公路福安服务区提升改造工程（主体工程）设计采购施工总承包-招标公告,271780,福建省
上杭县通贤镇通贤村文化活动中心及图书馆项目,271779,上杭县
西气东输三线南通天然气高中压调压站工程项目（施工）-招标公告,271778,闽侯县
寿宁县芹洋乡山头村至广地村段公路改建工程,271774,寿宁县
厦门港海沧港区7#泊位码头密闭罩棚项目（施工“评定分离”）（重新公告）,271773,厦门市
国道G228线秀屿栖梧至锦山段工程,271769,市本级
福建海辰化学有限公司年产40万吨己二腈及原料配套项目厂前区（EPC）总承包,271766,市本级
同翔高新城产业公共服务配套建设项目-翔安东路延伸段三期工程-科创大道（新禾路-九坝溪路）工程（设计“评定分离”）,271757,厦门市
福安市传统村落集中连片保护利用项目一期（设计）（二次招标）,271755,福安市
福清市工人文化宫1号楼提升改造项目（一期）（施工）-招标公告,271753,福清市
国道G228线福安下白石白招至渔江段公路工程（施工）,271752,福安市
翔安洋塘公交地块保障性租赁住房（EPC）,271750,厦门市
集美浒井公交地块保障性租赁住房（EPC）,271748,厦门市
建宁县高沙洲旅游基础设施建设项目（建宁一中周边市政道路及配套工程）（二期）施工监理,271745,建宁县
2025年长汀县濯田等3个镇高标准农田建设项目(新建及改造提升)濯田项目区,271744,长汀县
2025年宁化县城郊等2镇高标准农田建设项目（新建及改造提升）（第一标段）、（第二标段）、（第三标段）、（第四标段）,271743,宁化县
翔安仙境陵园公墓项目-一期（1号公墓区）（施工）,271742,厦门市
泉州绿色建筑产业园二期工程-宿舍楼、门卫1、门卫2（招标公告）,271741,洛江区
莆田市农产品综合批发市场项目（一期）,271737,涵江区
明溪县城区市政管网改造提升工程（一期）-福溪小区至坪埠东路段排水设施改造,271736,明溪县
云霄县健康养老综合服务中心项目（园区道路及配套设施工程、园区主干道边坡支护工程、园区道路防护工程）一期招标公告,271735,云霄县
平潭跨境电商园保税加工仓库项目招标公告,271734,平潭综合实验区
连江县大埕经海潮寺至定海段公路（筱埕至定海段）工程（监理）-招标公告,271733,连江县
连江县大埕经海潮寺至定海段公路（筱埕至定海段）工程（施工）-招标公告,271731,连江县
海沧港区后井片区市政配套工程（施工“评定分离”）,271728,厦门市
中储粮龙岩直属库有限公司仓储项目（施工）,271727,新罗区
三明市燃气设施建设、更新改造及智慧燃气监管系统项目一期工程（居民超期燃气表更换项目）,271726,市本级
厦港多联中心-现代物流中心（一期）（施工“评定分离”）,271725,厦门市
大田县梅山镇文江溪沧洲段河道治理工程勘察设计,271721,大田县
琅岐闽江大桥长周期养护试点工程（大桥接线沥青砼路面修复项目）-招标公告,271720,马尾区
马銮湾新城过芸溪下游流域整治工程（施工）,271716,厦门市
福安市文体训练基地配套设施建设项目,271715,福安市
国网福建宁德供电公司调度生产综合用房（输变电工区）项目,271714,市本级
松溪县三农产业孵化基地项目（一期）（施工）,271713,松溪县
长乐高级中学新校区项目（不包含高中教学楼【南楼】部分）（监理）-招标公告,271711,长乐市
厦港多联中心-现代物流中心（一期） （监理“评定分离”）,271710,厦门市
2025年宁化县安远镇高标准农田建设项目（新建及改造提升）丰坪村、里坑村、东桥村、伍坊村+岩前村、安远村+永跃村,271708,宁化县
霞浦县乡镇污水处理提升改造工程二期（长春镇）,271704,霞浦县
祥吴社区城中村现代化治理工程（施工）,271702,厦门市
翔安隧道安全改造（加固维修及设备更新）工程（监理“评定分离”）,271701,厦门市
浦园安置房（监理）,271700,厦门市
三明市公安局三元分局市区执法办案中心施工,271699,三元区
科院北路二期延伸段输水管道工程（仁福村段-G324段）（招标公告）,271698,南安市
浦园安置房基坑支护及土石方工程（施工）,271696,厦门市
2025年凤翔街道城场城中村现代化治理项目（施工）,271692,厦门市
西湖片区初雨控制及水环境提升工程-初雨控制设施建设工程（施工）-招标公告,271691,鼓楼区
莆田市木兰溪下游水生态修复与治理工程下穿永莆铁路工程,271690,市本级
厦门市汀溪干渠防渗加固工程（勘察设计）,271689,厦门市
国道G228线霞浦梅花（福鼎界）至古镇段公路工程和国道G228线霞浦三沙石头鼻至沙江沙塘里段公路工程（监理）,271685,霞浦县
宁德新能源数字技术应用促进中心项目,271684,市本级
龙岩公司辖区2025年长大桥结构监测系统实施项目-招标公告,271683,福建省
永春县上沙岭农村休闲观光旅游项目-游客服务中心（招标公告）,271682,永春县
永春县农产品集中加工区—农副产品标准化厂房（二期）配套暖通及水电设施项目（招标公告）,271678,永春县
宁德市蕉城、东侨片区污水提质增效工程（二期）贵岐山污水处理厂（四期）工程护岸部分,271676,市本级
泉州开发区孵化基地保障性租赁住房（招标公告）,271674,经济技术开发区
政和经济开发区四期基础设施建设项目政和经济开发区松源垄、潘坑头场地平整工程,271671,政和县
建宁县城区生活污水处理能力提升工程（一期）--污水处理厂提标改造项目污水设备采购及安装,271663,建宁县
上杭县九曲水库工程勘察设计（可研、初设、招标、施工图勘察设计及相关专题报告）,271662,上杭县
2025年长汀县濯田等3个镇高标准农田建设项目(新建及改造提升)四都项目区,271661,长汀县
2025年宁化县水茜镇高标准农田建设项目（新建及改造提升）,271660,宁化县
大亭路（绥东花园安置房段）道路工程招标公告,271659,漳浦县
平和县老旧小区配套基础设施改造项目（9个小区）招标公告,271658,平和县
武夷山世界文化与自然遗产地保护展示项目-双世遗区域保护展示宣教基地（建阳区域）项目,271654,市本级
大田县均溪镇周田村智慧食用菌生产基地,271653,大田县
霍口乡霍琅线Y012霍口至王廷洋公路改建工程-招标公告,271651,罗源县
漳浦县恒爱康养中心建设项目监理招标公告,271647,漳浦县
龙湘水库移民集中安置点（里岛片区）专项勘察设计-招标公告,271645,永泰县
泉州艺术学校学生宿舍楼和运动场建设工程（招标公告）,271644,丰泽区
厦门市海沧清水进岛一期工程（马青路-本岛段）（监理）,271642,厦门市
连江县中医院病房改造及能力提升项目-病房改造工程（监理）-招标公告,271641,连江县
仙游县城区污水处理厂新建工程勘察设计,271640,仙游县
福建长乐经济开发区排水管网提升改造工程和福州临空经济示范区排水管网提升改造工程建设运营一体化-招标公告,271639,长乐市
鼓楼区小柳路道路改造工程（施工）-招标公告,271636,鼓楼区
南平市武夷新区赤岸污水处理厂扩容及配套设施更新改造工程—设备采购及安装,271634,市本级
中储粮（宁德）直属库有限公司仓储一期项目（施工）,271633,蕉城区
吴家塘大桥修缮工程,271632,邵武市
赤港服务区核心区广场改建提升项目和核心区综合楼土建改扩建项目施工监理J1合同段-招标公告,271631,福建省
莆田市城乡供水一体化—莆田农村“一户一表”及老旧管网改造工程 （秀屿区平海镇一户一表改造项目）设计施工总承包项目,271630,秀屿区
莆田市城乡供水一体化—莆田农村“一户一表”及老旧管网改造工程 （秀屿区平海镇一户一表改造项目）设计施工总承包项目施工监理,271627,秀屿区
