名称,创立时间,更新时间,关联公司
人形机器人,2022-08-18 15:44:11,2025-06-05 12:09:04,格蓝若智能 开普勒KEPLER UniX AI机器人
高考志愿填报,2018-06-13 10:01:19,2025-06-05 14:29:30,高分网 求学宝 百年英才
可控核聚变,2022-12-16 18:52:01,2025-06-04 20:56:39,REALTA FUSION 聚变能源 Marvel Fusion
AI Agent,2024-04-24 17:07:25,2025-06-05 15:36:31,无界方舟 一触互动 面壁智能
具身智能,2023-12-19 14:12:37,2025-06-05 12:14:25,鹿明机器人 阿米奥机器人 UniX AI机器人
钠离子电池,2022-03-08 18:29:20,2025-06-05 15:28:02,众钠能源 超钠新能源 宁德时代
外骨骼机器人,2018-01-09 09:31:37,2025-06-05 11:42:37,傅利叶智能 优龙机器人 卓道医疗
茶饮品牌,2018-04-26 13:49:33,2025-06-05 10:04:03,沪上阿姨 霸王茶姬 茶玥见山
AI大模型,2023-02-17 01:17:52,2025-06-05 15:32:38,知满科技 华清智言 面壁智能
AI眼镜,2024-10-25 07:36:19,2025-06-05 15:37:52,师渡智能 雷鸟创新 致敬未知
量子技术,2020-07-16 16:05:58,2025-06-05 15:58:55,Silo Connectors 玻色量子 硅臻量子
AI视频生成,2023-03-01 11:02:34,2025-06-05 12:11:47,Creatify Hedra Cheehoo
RISC-V,2024-03-14 16:12:35,2025-06-05 15:36:11,蓝芯算力 进迭时空 众智齐芯
AI药物研发,2018-10-30 14:58:19,2025-06-05 11:51:00,Vivodyne Persist AI 耀速科技Xellar Biosystems
脑机接口,2019-10-23 14:52:33,2025-06-05 15:17:46,Neuralink 青石永隽 傲意科技
AIGC,2022-12-06 17:46:07,2025-06-05 15:31:58,Creatify 吉宏股份 ListenHub
eVTOL飞行器,2022-05-17 16:32:57,2025-06-05 08:45:29,沃飞长空 星恒长天 亿维特
新能源汽车制造,2017-10-30 14:01:53,2025-06-05 15:46:45,瑞驰新能源 昇麒新能源 博雷顿
靶向药物,2018-07-09 20:21:18,2025-06-05 11:47:23,浩博医药AusperBio Vigil Neuroscience 柯君医药
介入医疗器械,2021-08-25 10:39:16,2025-06-05 12:04:58,恒瑞医药 易介医疗 英诺伟
AI玩具,2024-10-23 11:22:49,2025-06-05 15:37:49,乐享科技 X-ORIGIN-AI Haivivi
ASIC,2023-01-13 16:56:03,2025-06-05 13:51:18,寒序科技 睿芯集成电路 青芯半导体
灵巧手,2025-02-19 10:07:45,2025-06-05 15:38:28,智元机器人 魔法原子MagicLab 傲意科技
美妆品牌,2018-07-09 20:21:18,2025-06-05 13:29:29,Rhode McoBeauty RED CHAMBER朱栈
创新药,2018-05-17 16:45:33,2025-06-05 15:51:00,智晟生物 凯德维斯 浩博医药AusperBio
智能医疗,2017-11-09 22:13:22,2025-06-05 11:39:48,清治智能 成科医工
AI蛋白质设计,2024-10-18 08:48:35,2025-06-05 12:16:34,予路乾行 途深智合 深势科技
人工智能芯片,2017-12-04 15:39:14,2025-06-05 15:49:04,行云集成电路 芯算无限 寒序科技
汽车芯片,2022-03-10 17:54:01,2025-06-05 15:28:15,英迪芯微 芯耀辉 创晟半导体
ADAS,2018-03-11 15:49:42,2025-06-05 15:05:09,天刊科技 钧捷科技 易成创新
激光通信,2021-08-19 17:41:53,2025-06-04 19:08:42,蓝星光域 星辰光电 极光星通
商业航天,2018-02-28 15:23:48,2025-06-05 15:04:54,热数科技 星际荣耀 深蓝航天
AI服务器,2023-10-25 16:51:56,2025-06-05 13:53:55,寒序科技 容芯致远 宝德计算
DPU,2021-05-08 11:19:12,2025-06-05 13:42:31,中科驭数 云豹智能 楠菲微电子
民宿品牌,2017-10-30 13:59:29,2025-05-30 00:42:23,知遇知寓 杭州团家 大乐之野
EDA电子设计软件,2020-08-18 15:50:35,2025-06-05 11:59:13,Excellicon 智现未来 冉谱微电子
半导体刻蚀设备,2023-04-21 10:23:41,2025-06-05 00:19:08,圭华智能 芯源微 海创智能
3A游戏,2024-08-30 15:24:59,2025-06-05 12:16:23,游戏科学 Epic Games Lighthouse Games
干细胞,2020-08-13 11:29:14,2025-06-05 11:59:09,士泽生物 济德生物 TreeFrog Therapeutics
纳米材料,2018-05-07 10:43:35,2025-06-05 11:44:53,森奇新材 畅的新材 Quantum Light
民营火箭,2018-05-28 17:30:50,2025-06-05 15:07:17,SpinLaunch 星际荣耀 深蓝航天
两轮电动车,2022-03-03 17:42:30,2025-06-04 00:27:42,特宙斯 DANCE 坦途智能
mRNA,2024-08-12 15:19:52,2025-06-05 10:34:50,博进生物 昆秦生物 澄实生物
云游戏,2019-04-23 18:27:33,2025-06-05 15:15:12,DeepLink Protocol 云格致力 海马云
数字孪生,2020-06-30 15:52:18,2025-06-05 11:58:36,因诺航空 众芯汉创 平行云
AI搜索,2023-03-13 11:38:22,2025-06-05 12:11:51,智谱AI OpenAI Lepton AI
基因编辑,2018-11-28 10:32:11,2025-06-05 11:51:42,士泽生物 Stylus Medicine Quidditas Therapeutics
半导体设备,2018-10-24 15:06:33,2025-06-05 01:39:32,合肥欣奕华 大摩半导体 诚联恺达
求职教育,2018-07-09 20:21:18,2025-05-28 00:35:06,智悦云创 云日教育 尊一科技集团
边缘计算,2019-03-14 10:13:39,2025-06-05 10:12:26,土星视界 PPIO派欧云 芯算无限
合成生物学,2021-11-30 17:09:49,2025-06-05 12:06:25,仅三生物 未名拾光 肆芃科技
自动驾驶卡车,2018-02-02 09:58:02,2025-06-05 11:43:13,卡尔动力 DeepWay深向 畅行智能
智能炒菜机,2022-02-17 15:59:05,2025-06-05 08:44:12,不停科技 智谷天厨 米满多
咖啡产业,2018-04-02 09:37:53,2025-06-05 15:50:26,WinnCafe稳因咖啡 小咖咖啡 汉福山咖啡
存储器,2020-06-24 10:30:16,2025-06-05 15:20:18,泛联信息 康芯威 智聚芯联
医疗影像,2017-10-30 14:03:28,2025-06-05 01:27:35,康源医疗 三英精密 影诺医疗
手术机器人,2018-01-08 09:35:10,2025-06-05 06:41:17,康多机器人 爱视睿医疗 华科润生物
元宇宙,2021-05-12 15:16:08,2025-06-05 12:02:03,沉浸机遇 华企探索 Urth
模型部署和服务,2023-04-20 18:48:09,2025-06-05 12:12:05,硅基流动 清昴智能 迪洛斯智能
卫星互联网,2020-09-11 14:59:55,2025-06-05 00:06:51,创智联恒 聚智星网 中科西光航天
液冷服务器,2023-11-28 16:58:26,2025-06-05 13:54:13,联想集团 新华三 超聚变
低功耗芯片,2022-03-18 08:35:13,2025-06-05 12:07:17,为旌科技 犀里光电 迈特芯
智慧农业,2020-12-03 16:55:08,2025-06-04 20:46:34,朋晖农业 中水信通 Pinnacle Food Group
云原生,2021-08-05 17:23:47,2025-06-05 12:03:16,PPIO派欧云 neon.tech 吉呗思
CRO,2019-05-15 14:36:39,2025-06-05 11:53:46,国通新药 科福新药 探实生物
工程管理SaaS,2022-03-15 16:19:52,2025-05-02 00:14:34,金慧软件 GreenLite Clearstory Technologies
反无人机系统,2018-01-29 12:37:08,2025-06-02 10:41:38,空御科技 众芯汉创 天圜智航
GPU,2021-05-17 11:19:55,2025-06-05 15:23:37,行云集成电路 燧原科技 阵量智能
微流控芯片,2024-02-23 08:53:17,2025-06-04 00:35:49,毫厘科技 傲睿科技 傲睿智控
虚拟数字人,2020-05-19 10:14:04,2025-06-05 15:19:37,美图秀秀 夸夸菁领 李未可
增材制造,2021-07-02 14:06:56,2025-06-05 12:02:51,阿奈索三维 X-Bow Launch Systems 安徽创融
质谱仪,2023-06-27 18:59:30,2025-06-05 00:19:48,国科新智 华谱科仪 微谱科技
固态锂电池,2022-03-29 10:51:19,2025-06-05 12:07:21,宁德时代 道克特斯 太蓝新能源
光子芯片,2022-04-11 11:22:14,2025-05-30 09:40:09,光引科技 熹联光芯 铌奥光电
AI音乐生成,2023-02-28 19:09:09,2025-06-05 12:11:44,Hedra OpenAI 柯南AI
AI文本生成,2023-02-23 18:37:07,2025-06-05 15:32:47,深言科技 AI21 Labs Manus
短剧制作,2023-11-09 16:11:51,2025-06-05 13:54:01,鑫辰互娱 珀乐互动 唐德影视
AI代码生成,2023-02-27 08:35:42,2025-06-05 12:11:41,蔻町科技 Windsurf Cursor
AI 3D生成,2023-03-01 15:54:53,2025-06-05 12:11:49,OpenAI 爱化身科技 爱诗科技
出海移动营销,2018-12-13 16:04:07,2025-06-05 01:41:00,尚睿科技 浙江出海 Global Star
SRAM,2024-02-21 15:23:25,2025-06-05 12:14:46,后摩智能 灵汐科技 成都华微
短剧平台,2023-11-10 11:37:11,2025-06-05 13:54:03,StoReel 搜狐视频 中创星耀
减肥药,2023-10-19 15:02:52,2025-06-05 13:53:50,派格医药 恒瑞医药 糖吉医疗
AI语音合成,2023-02-28 15:36:55,2025-06-05 12:11:43,ListenHub Eleven Labs Synthesia
AI游戏生成,2023-02-27 07:21:30,2025-06-05 12:11:40,杭州极逸 OpenAI Peer Global
CAE,2020-11-12 10:49:14,2025-06-05 00:07:26,蓝威数值 凌云智擎 云泊软件
养老服务,2020-12-24 11:02:07,2025-06-04 10:31:00,青岛圣德医养集团 华旅甄选 睿首智能
出海电商,2019-11-12 15:26:41,2025-06-05 11:56:10,尚睿科技 两氢一氧 凌越装备
CDMO,2021-04-08 15:02:19,2025-06-05 13:42:15,国通新药 Kincell Bio 迪赢生物
MR头显,2023-06-09 10:14:13,2025-06-05 12:12:31,XREAL Varjo Rokid
滑雪服务,2017-12-01 14:50:54,2025-06-05 15:02:51,乔波冰雪世界 株式会社新雪 西部长青
光伏逆变器,2021-08-12 18:07:17,2025-06-05 00:10:32,爱昶新能源 代勒兰德 首航新能
中式汉堡,2023-12-13 18:22:29,2025-06-05 00:21:24,翰堡功夫 传奇堡贝 塔斯汀
储能系统集成,2023-08-07 17:10:01,2025-06-05 12:13:06,宁德时代 比亚迪 钧灏电力
web3.0,2021-12-24 17:40:53,2025-05-27 01:23:57,Revolving Games BlockSpaces ARAI
钒电池,2022-07-14 11:15:10,2025-06-05 00:15:29,液流储能 安宁股份 钒钛股份
ADC药物,2023-12-18 10:10:02,2025-06-05 13:54:25,恒瑞医药 映恩生物 智康弘义
环境监测,2019-05-07 15:38:24,2025-06-05 00:00:33,Fieldstone Bio 天一信德 宇称智控
MCU,2022-04-02 07:35:25,2025-06-05 15:28:38,领慧立芯 泰矽微电子 安比科技
光刻胶,2020-06-02 11:23:48,2025-06-05 11:57:52,鼎材科技 研材微纳 玉之泉
聊天机器人,2019-09-26 14:57:24,2025-06-05 15:17:38,Parloa Haivivi Anthropic
区块链游戏,2018-03-02 10:14:35,2025-05-24 01:05:38,Revolving Games MagicBlock DashFun
预制菜,2019-11-28 14:18:13,2025-06-05 00:03:42,味滋美 金磨坊 西贝莜面村
MLOps,2023-03-28 16:02:25,2025-06-05 15:33:06,Snorkel AI Weights and Biases 清昴智能
MOSFET,2022-06-14 15:56:50,2025-06-05 12:08:20,派恩杰半导体 瑞迪微电子 钜芯科技
锂电负极,2020-07-23 17:47:15,2025-06-05 11:59:02,立探新能源 墨睿科技 华宜清创
分子诊断,2017-11-29 16:19:46,2025-06-05 01:29:48,迈恩创芯 达健生物 申基生物
航空器零部件,2018-07-09 20:21:18,2025-06-05 11:48:03,阿奈索三维 兴航航空 中国航发商发
Chiplet,2022-10-27 14:41:32,2025-06-05 13:50:20,晶通科技 捷扬微电子 芯原股份
环境修复,2018-11-08 09:40:20,2025-06-05 03:26:51,美辰环保 中环联蜀 重庆水务资产
复合铜箔,2022-09-29 16:26:54,2025-06-05 12:09:55,安迈特科技 纳力科技 柔震科技
毫米波雷达,2018-03-11 16:42:10,2025-06-05 01:32:19,天成电科 度风科技 木牛科技
工业机器人,2021-06-23 15:49:44,2025-06-05 15:24:03,法奥机器人 同川精密 钱江机器人
虚拟医药代表,2022-10-18 18:39:47,2025-06-03 00:39:13,梅斯健康 医百科技 诺信创联
超导材料,2020-07-16 16:27:42,2025-06-05 00:06:17,联创超导 翌曦科技 东部超导
医疗服务机器人,2018-01-09 10:07:23,2025-06-04 00:02:59,擎朗科技 睿华辰医疗 作为科技
向量数据库,2023-04-07 08:56:08,2025-06-05 12:12:03,Canyon Network LINKER联汇 Qdrant
户外电源,2022-06-02 08:35:44,2025-06-05 00:14:59,华思旭集团 溯驭技术 Zendure
方便食品,2019-11-28 14:37:22,2025-06-05 15:18:16,小龙坎 泛亚传承 金磨坊
Micro OLED,2023-06-14 10:34:23,2025-06-05 15:33:42,宏禧科技 昀光科技 Microoled
工业机器视觉,2018-12-20 16:13:50,2025-06-05 01:41:13,平方和 艾豚科技 索威尔
护肤品,2020-07-08 14:49:48,2025-06-05 13:39:40,未名拾光 PMD焕研乐局 肤甦
新能源汽车充电桩,2017-10-30 13:45:40,2025-06-05 13:18:14,乐创能源 比亚迪 亚充新能源
合成数据,2023-04-07 08:55:31,2025-06-05 12:12:02,Informatica Gretel 中科智国
AI框架,2023-03-28 16:03:34,2025-06-05 15:33:07,硅基流动 旷视科技 趋境科技
宠物食品,2018-05-25 00:43:31,2025-06-04 11:58:16,派特鲜生 Happy Howl Untamed
CRM,2019-07-25 17:23:52,2025-06-05 10:14:08,Octolane AI 天财商龙 Twenty
AI图片生成,2022-10-12 17:26:47,2025-06-05 12:10:03,美图秀秀 KREA Runway AI
心脏瓣膜,2021-04-15 14:03:32,2025-06-03 20:59:16,心纪元医疗 诺一迈尔 心锐医疗
NFT,2021-09-08 16:57:17,2025-06-05 12:05:48,Candy Digital Reservoir Phantom
RNA药物,2020-12-23 17:56:59,2025-06-05 12:00:40,浩博医药AusperBio 靖因药业 Regulus Therapeutics
人造肉,2018-05-14 17:53:02,2025-06-03 13:53:49,Project Eaden 昌进生物 遇见味来
公有云IaaS,2018-08-03 17:26:34,2025-06-05 11:48:59,ZStack 七牛云 首都在线
智能客服,2017-11-25 10:13:05,2025-06-02 00:25:05,智绘阁 Siro 红熊AI
烘焙食品,2020-12-17 19:12:09,2025-06-05 12:00:36,轩妈食品 海玉园食品 热气饼店
区块链金融,2018-01-17 14:51:19,2025-06-05 10:02:10,Avantis Labs Avalon Labs OpenFX
SLAM技术,2018-05-21 11:17:06,2025-06-04 00:05:58,普渡科技 耀宇视芯 景曜科技
镍氢电池,2022-03-17 16:54:23,2025-06-05 10:25:44,比亚迪 昆宇电源 森克创能
血氧仪,2022-12-28 14:22:50,2025-06-05 12:11:02,玖治科技 好克医疗 中科搏锐
激光雷达,2017-10-30 13:45:40,2025-06-05 01:25:24,镭智传感 速腾聚创 Lumotive
半导体封测,2018-10-25 10:10:03,2025-06-05 11:50:47,汉旗半导体 华芯振邦 杉昀半导体
电池管理系统,2019-02-28 19:08:44,2025-06-05 15:55:01,宏景电子 比亚迪 博沃创新能源
电磁仿真软件,2022-09-16 08:55:48,2025-06-03 17:42:15,芯和半导体 凌云智擎 励颐拓
新冠抗原检测试剂,2022-03-29 19:55:57,2025-06-05 12:07:24,相达生物 贝尔生物 美克医学
二手电商,2018-07-09 20:21:18,2025-06-05 15:52:09,丛茂科技 Archive iMotorbike
SoC,2020-12-17 10:57:19,2025-06-05 13:41:15,英迪芯微 跃昉科技 龙擎视芯
零信任,2022-09-09 16:04:37,2025-06-05 12:09:22,易安联 Chainguard 领信数科
露营营地,2022-05-12 14:13:24,2025-05-31 00:27:11,HolaCamp 日光旅文 大热荒野
氮化镓,2020-06-10 10:09:36,2025-06-01 11:05:31,Finwave Semiconductor 华芯半导体 纳维科技
分拣机器人,2018-03-26 16:51:17,2025-06-05 01:32:32,赛那德 快仓智能 Dexterity
电子纸,2022-11-04 15:59:28,2025-06-05 15:31:31,志慧芯屏 易泰勒 汉朔科技
VR医疗,2018-05-29 09:45:18,2025-06-05 15:07:18,Holoeyes RetinaLogik RealizedCare
家用无创呼吸机,2022-10-14 14:18:41,2025-06-05 00:17:04,康居人 伟晴大健康 贝舒医疗
区块链钱包,2018-01-17 14:06:38,2025-04-02 01:00:24,Utila Keplr Phantom
神经调控,2022-11-09 14:46:03,2025-05-30 01:15:10,诺尔康 科悦医疗 领创医谷
态势感知,2022-10-13 19:07:46,2025-06-05 12:10:07,TurbineOne Louhe 新华三
舆情监测,2018-04-04 09:36:34,2025-06-05 01:32:51,金证优智 中国经济信息社 Infoseek
PaaS,2019-08-23 16:28:42,2025-06-05 11:55:17,远舢智能 精灵云 行翼云
区块链社交,2018-03-27 16:43:40,2025-06-05 01:32:42,VUZ Wunder.Social ResearchHub
罕见病,2019-05-13 17:32:53,2025-06-05 10:12:57,睿健医药 安达生物 TheraPPI Bioscience
跨境物流,2017-12-01 11:18:21,2025-06-04 18:40:39,凯莱荟仓储 喜运达 怡亚通物流
MEMS传感器,2018-10-26 10:57:15,2025-06-05 11:50:54,新力传感 容启传感 拜安科技
PROTAC,2022-09-22 19:01:05,2025-06-05 12:09:43,恒瑞医药 PAQ Therapeutics 亚盛医药
低代码开发平台,2021-11-22 16:43:19,2025-06-05 12:06:16,BlockSpaces Emerge Tools 轻流
智慧物流,2017-11-08 11:02:13,2025-06-05 11:39:05,既未科技 超级飞驼 快仓智能
设计协作,2021-11-16 17:43:33,2025-05-30 19:25:01,Pixso 像素绽放PixelBloom Figma
PMU电源管理芯片,2020-09-10 17:58:09,2025-06-05 00:06:49,炎黄国芯 芯合电子 华芯智源
RPA机器人流程自动化,2019-06-11 11:26:42,2025-06-05 03:30:18,慧流科技 四足高新 Plenful
钙钛矿,2021-10-14 17:25:09,2025-06-05 12:05:58,宁德时代 大正微纳 锌芯钛晶
虚拟电厂,2022-07-25 15:43:01,2025-06-05 12:08:45,ELU.AI 库博能源 Green Voltis
TOPCon电池,2022-08-19 16:24:43,2025-06-05 00:15:57,钧达股份 一道新能 汉可智能
宠物用品,2019-08-28 15:10:59,2025-06-05 00:02:41,淘爪 宠吖泡泡馆 Mammoth
潮玩,2018-10-09 15:32:25,2025-06-05 15:11:47,吉利玛特 Letsvan 第二人生
AR眼镜,2017-10-30 14:02:21,2025-06-05 14:59:04,雷鸟创新 致敬未知 微光科技
培育钻石,2021-12-10 17:51:30,2025-06-04 19:10:52,Limelight Lab Grown Diamonds 豫园珠宝 True Diamond
割草机器人,2022-08-09 15:05:46,2025-06-04 19:13:22,安努智能 元鼎智能 来牟科技
医疗3D打印,2017-10-30 14:03:27,2025-06-05 11:38:43,博理科技 玉汝成 铖联科技
智慧矿山,2021-12-13 17:39:47,2025-06-05 00:13:23,微分智飞 挚途科技 长城重工
体外诊断试剂,2020-03-20 10:53:14,2025-06-05 13:38:11,凯德维斯 迪澳基因 贝尔生物
物联网芯片,2017-12-04 13:48:15,2025-06-05 10:00:21,泰矽微电子 启英泰伦 安比科技
口腔正畸,2021-04-25 17:25:32,2025-06-05 12:01:55,美奥口腔 易美正畸 牙博士
车联网,2017-10-30 13:45:36,2025-06-05 01:25:20,鱼快创领 车路通科技 联乘智能
隐私计算,2020-10-30 10:33:02,2025-06-05 13:40:48,Primus 天数智芯 金智塔
锂电池,2018-05-08 09:40:01,2025-06-05 15:50:52,鑫辉源 天邦达 宁德时代
数字货币交易所,2018-01-17 14:43:04,2025-06-04 23:49:40,Evergreen Crest Mirage Protocol Perpl
SRM,2021-03-29 15:58:41,2025-06-05 10:31:35,格创东智 九慧信息 震坤行
营销SaaS,2019-12-12 18:16:08,2025-06-05 10:15:55,天地在线 陆加壹科技 浙江出海
HUD,2021-01-20 10:40:54,2025-06-05 12:00:59,天有为 新通达电子 一数科技
工业级3D打印机,2018-11-21 16:35:33,2025-06-04 00:12:23,金石三维 Snapmaker 易加三维
质子交换膜,2022-06-08 14:50:32,2025-06-05 10:26:46,时代储能 海得利兹 国氢科技
IGBT,2020-06-12 19:07:04,2025-06-05 00:05:31,中微创芯 比亚迪 芯华睿半导体
FPGA,2020-04-22 16:11:50,2025-06-04 12:10:37,寒序科技 中科芯磁 高云半导体
户外帐篷,2022-05-13 01:52:24,2025-05-31 00:27:12,挪客 泰鹏智能 阿珂姆
空气炸锅,2022-05-07 17:36:58,2025-06-05 15:29:01,和生创新 美的集团 鑫能电器
MCN,2019-11-07 14:38:09,2025-06-02 16:01:14,创壹科技CREATEONE 寻车MCN 光印科技
CAD,2021-04-02 11:03:35,2025-06-04 20:47:35,iCAD 亿方联创 九韶智能
光模块,2020-06-18 15:16:43,2025-06-04 08:47:40,熹联光芯 笔特科技 埃尔法光电
IC设计,2018-10-24 17:54:23,2025-06-05 13:31:56,景略半导体 英迪芯微 喻芯半导体
金刚线,2022-03-24 16:26:07,2025-06-05 12:07:18,新霖飞能科 中畅精密 海川光电
电子特种气体,2022-03-10 11:29:25,2025-06-05 00:13:45,绿菱气体 瑞尔泰 万华电子
API安全解决方案,2021-11-24 15:26:51,2025-06-05 10:24:51,Noname Security Vorlon 观安信息
运动相机,2022-02-21 16:41:44,2025-06-05 12:06:46,光子跃迁 赛纳科技 万拓科创
剧本杀,2021-10-08 16:08:35,2025-03-14 17:14:18,贰元数字 汇剧 剧狐DM
兰州拉面,2021-04-30 11:10:50,2025-01-26 00:09:21,陈香贵 张拉拉 马记永
美妆集合店,2021-07-28 17:06:40,2025-05-05 00:41:04,苏宁极物 BonnieClyde HARMAY
火锅门店,2022-01-06 18:00:51,2025-05-30 02:51:03,小龙坎 曹家巷火锅 眉州东坡
POCT,2018-01-23 10:27:06,2025-06-05 10:02:28,微纳芯 微康生物 迈恩创芯
人工心脏,2021-12-22 17:51:23,2025-05-29 00:13:08,核心医疗 心擎医疗 永仁心医疗
高尔夫,2021-12-09 14:51:54,2025-05-28 00:53:44,Good Good Golf Aureus Greenway Dryvebox
SCRM,2019-12-20 11:09:33,2025-05-29 00:04:09,TargetSocial 维京 订单来了
电子烟,2018-07-20 10:50:13,2025-05-28 00:36:46,思摩威 Maverick Lifestyle 温致科技
自热食品,2021-05-26 15:43:28,2025-06-05 13:42:47,小龙坎 阿宽食品 白象食品
汽车换电,2021-11-04 16:34:48,2025-06-05 12:06:04,宁德时代 蔚来能源 智锂物联
酸菜鱼,2021-11-03 15:27:42,2025-05-24 01:26:54,何氏蹦蹦鱼 禾嘉同创 鱼没有酸菜鱼
全屋智能,2021-10-28 15:23:25,2025-06-05 13:46:09,涂鸦智能 美的集团 智有范
飞行汽车,2020-03-26 14:41:13,2025-06-05 15:19:11,沃飞长空 高域科技 VOLANT沃兰特
DeFi,2021-10-20 16:17:32,2025-04-17 18:18:46,Avantis Labs Conduit Treehouse Finance
卫星测控,2021-10-13 16:04:02,2025-06-03 00:34:51,融为科技 天际易达 星展测控
类脑芯片,2021-09-29 15:48:30,2025-06-05 00:12:42,SynSense 芯盟科技 深思考
扫地机器人,2018-04-11 17:08:20,2025-06-05 10:03:43,ILIFE 云象机器人 深兰科技
连锁酒馆,2021-09-22 15:37:18,2025-06-03 00:34:47,致敬者 唐三两打酒铺 跳海酒馆
网约车,2018-04-12 15:28:30,2025-06-05 01:33:01,Dantaxi 享道出行 Blacklane
香氛,2021-09-17 16:54:57,2025-06-05 15:26:58,摩登巴赫 馥郁满铺 PANPURI
5G芯片,2021-08-13 11:04:03,2025-06-05 08:41:20,易科奇通信 飞骧科技 芯朴科技
D2C,2019-11-20 15:53:11,2025-05-25 00:34:19,Heavenly Secrets Wild Earth Rhythm
床垫品牌,2021-09-02 15:45:15,2025-06-04 10:35:54,顾家家居 Trinity Guardion 曲美家居
宠物营养品,2021-08-31 11:29:50,2025-06-04 10:35:52,疯狂小狗 同仁药业 朗博特
卤制品,2021-04-21 17:25:09,2025-06-05 12:01:51,福步食品 华乐食品 卤巧儿
滤波器,2021-08-11 16:38:56,2025-06-05 12:03:31,鸿晔科技 必控科技 星曜半导体
抗肿瘤药物研发,2017-10-30 14:03:12,2025-06-05 15:47:12,恒瑞医药 易慕峰 映恩生物
男士个护产品,2021-07-28 16:48:03,2025-06-01 01:11:36,Caldera+Lab Bombay Shaving Company Creed
精酿啤酒,2017-12-11 14:09:45,2025-05-15 00:49:22,轩博精酿 高准实业 首酿金麦
连锁面馆,2021-07-13 17:55:57,2025-06-04 15:37:45,康师傅 不方便面馆 和府捞面
连锁烤串店,2021-07-21 16:09:02,2025-01-25 00:24:42,很久以前 永定门电烤串 柳叶刀烧烤
儿童座椅,2021-07-15 18:06:12,2025-06-05 00:09:57,两只兔子 WonderPaPa 永驰科技
精品咖啡,2019-03-06 18:13:35,2025-06-04 12:05:54,First Coffee 潜龙咖啡 挪瓦咖啡
口腔护理产品,2021-01-22 11:24:03,2025-06-05 15:22:40,大伢依健康 KEVIN&KATHY凯文凯茜 Feno
儿童零食,2021-07-01 17:05:01,2025-06-05 00:09:43,徐福记 Bebe Burp 百吉福
鸡胸肉,2021-07-01 16:31:39,2025-06-05 00:09:41,玛士撒拉 大希地 暴肌独角兽
协作机器人,2017-11-10 01:13:30,2025-06-05 15:01:28,法奥机器人 艾利特机器人 钛虎机器人
气凝胶,2021-06-30 17:34:10,2025-05-23 00:33:51,大毛牛新材 Keey Aerogel 圣润新材料
洗地机,2021-06-22 15:01:21,2025-06-05 08:40:15,云象机器人 大华乐橙 美的集团
功能饮料,2021-02-04 15:12:54,2025-06-05 00:08:17,制势能量 Lucky Energy 修元养正
瑜伽裤,2021-06-15 17:38:45,2025-06-04 00:23:24,MAIA ACTIVE Keep Particle Fever
基因测序,2017-10-30 14:02:58,2025-06-05 01:26:41,23andMe 赛陆医疗 闪灵智合
健身镜,2021-06-08 17:00:48,2025-06-03 19:17:48,Magic Tech 光猪圈 咕咚
SMO,2021-06-03 10:45:11,2025-06-05 12:02:19,夸克医药 凯普顿医药 海金格
气泡水,2021-06-02 16:17:14,2025-06-05 05:20:32,Yerbae Liquid Death 有饮NOD
马拉松,2021-05-26 14:51:56,2025-05-22 01:15:39,波动体育 有迈体育 苏奥体育
功能性食品,2021-05-20 17:11:09,2025-06-05 00:09:15,青禾世相 丰安生物 知易生物
玻尿酸,2021-05-19 15:21:38,2025-06-04 17:19:15,巨微生物 亿懿兴华 常州药物研究所
代糖生产商,2021-04-21 17:37:25,2025-06-04 19:06:28,三元生物 Tate & Lyle 明月海藻
智能台灯,2021-04-20 14:08:27,2025-06-05 08:39:43,Yeelight易来 美的集团 觅机科技
低度酒,2021-04-15 10:31:35,2025-06-05 10:20:41,Missberry Blue Dash 青岛啤酒
团餐,2021-04-13 16:17:13,2025-06-05 12:01:42,康帕斯中国 千味央厨 睿景信息
宝宝洗浴产品,2021-04-12 11:17:31,2025-06-04 15:36:36,戴可思 润本股份 Yeehoo英氏
生鲜电商,2017-11-17 09:15:10,2025-06-05 15:48:14,GrubMarket 多点Dmall 天天果园
植物奶,2021-03-31 15:18:41,2025-06-04 23:26:35,Kate Farms 乐纯 唯怡
威胁情报,2021-03-26 10:10:00,2025-06-05 10:20:24,CloudSek 众智维科技 SnapAttack
美瞳品牌,2021-03-23 16:29:27,2025-05-18 00:19:01,大仕城光学 蒂螺医疗 优你康光学
脱口秀,2021-03-18 10:53:23,2025-03-14 17:09:21,鲜榨喜剧 日谈公园 笑果演艺
电子元器件B2B,2018-11-06 10:13:50,2025-05-16 00:02:13,贝特电子 华秋电子 硬之城
BIM,2021-03-15 17:37:02,2025-06-05 00:08:30,CadLine 筑众科技 安比科技
共享充电宝,2017-10-30 14:02:40,2025-06-05 01:26:27,电讯鼠 怪兽充电 优电智能
黑巧克力,2021-03-09 17:55:43,2025-05-10 01:15:09,每日黑巧 诺梵巧克力 明治乳业
数字货币衍生品交易,2021-03-08 17:51:58,2025-05-31 13:37:04,Deribit Arbelos Bitnomial
无线充电,2020-07-01 17:00:29,2025-06-05 11:58:40,Wi-Charge 比亚迪 充悦科技
语音社交,2021-02-24 17:14:39,2025-06-05 01:50:58,X 欢聚集团 美丽约
童装品牌,2021-03-03 11:18:15,2025-06-05 08:39:16,呆萌小哪吒 Versace Bonpoint
稀土材料,2019-05-22 14:10:32,2025-06-05 11:54:01,金睿达稀土 高创稀土 厦门钨业
螺蛳粉,2021-02-19 16:47:07,2025-06-05 13:41:50,阿宽食品 白象食品 康师傅
假发,2021-02-18 15:09:24,2025-06-05 12:01:08,Hair Originals 美丽跳动 丝黛文化
洗碗机,2021-02-02 15:59:11,2025-06-05 00:08:15,Teka 亿田智能 小格智能
播客,2021-01-14 16:47:11,2025-06-05 12:00:56,ListenHub Red Seat Ventures Podcastle
辅食品牌,2021-01-14 17:29:36,2025-04-11 01:04:22,MOODLES 鹿优鲜 窝小芽
肿瘤免疫药物研发,2018-06-21 17:38:51,2025-06-05 11:46:10,莱芒生物 泽安生物 易慕峰
口红品牌,2020-12-28 16:24:47,2025-06-05 13:41:29,毛戈平 Kiko Milano Tom Ford
香水品牌,2020-12-28 15:39:31,2025-05-31 20:13:57,Jimmy Choo Borntostandout Bibbi Parfum
大码女装品牌,2020-12-25 10:00:27,2025-06-05 00:07:56,奶糖派 SHEIN Torrid
碳化硅晶片,2020-12-22 14:37:51,2025-06-05 00:07:48,瀚天天成 青禾晶元 Wolfspeed
工业大麻,2019-03-14 10:12:26,2025-05-27 01:10:14,Upexi 科电智能云 Distru
二手奢侈品,2018-08-27 13:55:40,2025-04-22 01:16:11,红布林 Luxe Collective Kream
医药电商,2018-07-05 09:38:14,2025-06-05 01:35:15,龙一医药 上元堂 维度时代
人力资源SaaS,2018-01-05 17:16:59,2025-06-05 10:01:43,sailglobal BrioHR Lumber
社区团购,2018-09-07 10:24:21,2025-04-10 14:38:25,雨花优选 众联汇客 Airmart
代餐,2019-08-19 12:22:02,2025-06-03 15:45:48,Kate Farms 1440 Foods 十月稻田
智慧养老,2018-11-09 16:26:20,2025-05-03 00:46:41,青鸟软通 壹零后 湖南养老产业
少儿编程,2017-10-30 14:02:49,2025-06-05 01:26:34,派呦科技 和码编程 Coding Giants
自闭症,2019-12-05 18:12:13,2025-03-20 00:40:49,Frontera Health 艾斯德康 脑动极光
女性内衣品牌,2018-08-28 11:00:32,2025-05-31 23:19:43,奶糖派 姜好 Knix Wear
药物冷链,2018-07-10 11:08:51,2025-06-05 01:37:09,Andlauer Healthcare Group 城市映急 Frigo-Trans
数据中台,2020-10-09 16:25:25,2025-06-05 10:18:56,滴普科技 数聚链 拓尔思
云通讯,2018-07-09 20:21:18,2025-06-05 01:35:49,声通科技 迈异信息 风起创新
汉服,2020-05-11 16:06:45,2025-06-05 11:57:35,俏汉唐 古桃 诗与万花镜
电子签名,2017-12-05 15:25:04,2025-06-05 05:00:38,契约锁 爱签科技 傲雄在线
筋膜枪,2020-11-03 14:59:41,2025-05-30 01:05:32,未来健康 云麦科技 Keep
工业B2B,2019-09-12 15:27:52,2025-06-05 00:02:54,麦可思 CADDi 云镝智慧
再生医学,2018-12-25 16:15:04,2025-06-04 00:13:03,熹微生物 雅源干细胞库 智新浩正
量子通信,2019-05-07 15:26:51,2025-06-04 01:56:37,国腾量子 Quantum Circuits PQShield
零食品牌,2018-07-09 20:21:18,2025-06-05 01:36:20,徐福记 爱零客 Power Crunch
动漫制作,2017-11-09 13:40:11,2025-06-04 01:42:12,知行合一动漫 易动娱乐 大行道动漫
汽配B2B,2018-08-08 10:00:12,2025-05-29 01:36:45,汽修宝 中驰车福 快准车服
海淘电商,2017-10-30 14:01:48,2025-06-05 13:18:48,小红书 折疯了海淘 五洲会海购
白酒新消费,2019-07-11 19:16:42,2025-06-02 00:40:09,不良人酒业 观云白酒 江小白
游戏媒体,2019-11-07 14:32:24,2025-05-28 00:44:16,Gamer Network ImbaTV 机核网
快递公司,2017-12-18 09:58:13,2025-06-05 01:30:46,顺丰控股 天天快递 J&T Express
电竞俱乐部,2017-10-30 14:02:53,2025-05-20 00:13:30,iG电子竞技俱乐部 TFG职业电竞俱乐部 AG超玩会
数学思维培训,2018-08-21 10:49:48,2025-03-20 00:31:14,和码智学 火花思维 数感星球
IT技能培训,2018-11-06 09:57:31,2025-04-13 00:18:46,东软教育 byteXL 软舰实训
游戏直播平台,2017-10-30 14:00:02,2025-06-05 08:15:58,ImbaTV 狗仔直播 斗鱼直播
AI招聘,2018-04-28 17:11:04,2025-06-04 13:40:00,Moonhub AI 智蛙面试 小砖块
超融合,2018-12-19 17:05:55,2025-06-05 11:52:02,StarWind Software 德拓信息 ZStack
晶圆代工,2018-10-26 16:16:41,2025-06-05 15:12:48,浙江广芯微 新芯集成电路 士兰微
炒股软件,2020-06-30 10:59:07,2025-06-05 15:58:42,大智慧 蘑菇 楚鼎科技
小家电,2020-05-14 10:58:49,2025-06-05 15:19:31,美的集团 罗曼智能 雷特控股
STEAM教育,2017-10-30 14:02:44,2025-06-05 01:26:31,派呦科技 昂立STEM KeeKo
教育SaaS,2018-07-27 19:39:18,2025-05-25 00:26:43,Sdui 野牛王 Leemons
呼吸机,2020-06-02 16:01:28,2025-06-05 00:05:14,伟晴大健康 Rotech Healthcare Holdings 瑞沃德
奢侈品电商,2018-07-09 20:21:18,2025-05-03 00:42:07,Cult Mia 红布林 会麦
连锁便利店,2017-10-30 15:14:25,2025-06-05 13:20:24,宏信超市 CEFCO便利店 XiaoCostco
游戏化学习,2019-05-09 16:27:04,2025-03-18 01:04:00,PlanetSpark Quizizz 编程猫
知识产权服务,2019-04-17 17:03:56,2025-06-03 22:32:11,Pex 星河智源MindFlow Newsbaba
混合云,2019-07-31 17:03:25,2025-06-05 08:33:27,天一恩华 ZStack 城市云
特高压,2020-03-30 17:06:36,2025-06-05 00:04:45,尚纬股份 风范股份 中环装备
5G产业链,2017-12-19 09:44:02,2025-06-05 11:42:13,飞骧科技 芯朴科技 京信通信
在线英语教育,2018-07-09 20:21:18,2025-05-07 00:22:00,国培创 Kyna English Kelly's Education
新冠病毒检测试剂盒,2020-02-11 13:02:31,2025-06-05 11:57:00,相达生物 中帜生物 西陇科学
移动办公,2018-11-23 14:48:48,2025-06-05 13:32:49,盟拓软件 纷享销客 凡泰极客
视频会议,2019-04-18 16:10:02,2025-06-03 12:18:55,东微智能 奕凌网络 云现场
在线问诊,2017-12-05 14:09:32,2025-06-02 17:27:59,甘草医生 健康之路 微脉
餐饮SaaS,2017-10-30 14:03:22,2025-05-31 11:45:45,Owner 易订云 Tab Commerce
容器服务,2019-08-15 15:56:57,2025-06-05 11:55:05,精灵云 ZStack DaoCloud
纺织品B2B,2019-12-18 17:13:26,2025-05-14 00:08:33,Fabrito 优布 和炫软件
老人鞋,2019-12-26 18:54:52,2025-05-18 00:14:37,双星鞋业 安宝乐 南极电商
生猪养殖,2019-11-14 17:42:27,2025-06-05 00:03:35,新希望六和 天乾食品 颐丰智农
共享自习室,2019-10-31 17:40:20,2021-11-19 10:49:13,
太空旅行,2019-10-28 17:47:44,2025-06-05 00:03:21,蓝箭航天 凌空天行 World View
新零售SaaS,2018-07-09 20:21:18,2025-06-02 19:14:19,马上赢 优品兜科技 快进商店
宠物医疗,2017-11-23 17:19:12,2025-05-27 00:56:38,国宠血液 汉佩生物 觅投克生物
工商查询,2017-10-30 13:59:47,2025-06-03 13:45:03,企查查 亿企查
透皮贴剂,2019-05-31 15:01:37,2025-06-05 00:01:38,德默制药 海阁堂医药 深圳绿叶
区块链行情资讯,2018-01-17 17:40:26,2025-05-20 00:18:53,盯链 火币网 搜搜比特币
医疗器械生产商,2017-10-30 14:03:04,2025-06-05 14:59:41,康源医疗 恒瑞医药 熹微生物
球鞋经济,2019-07-12 10:01:35,2025-05-31 11:50:49,YOHO! GOAT Group 阿迪达斯
酒类电商,2018-07-09 20:21:18,2025-05-15 00:54:52,酒小二 Baxus Wineapp中国
漫画阅读平台,2017-11-09 20:22:06,2024-09-10 02:01:00,Voyceme 竹子漫画 WEBTOON Entertainment
室内动物园,2019-09-04 16:15:14,2021-11-19 10:49:13,小小动物元
宠物玩具,2019-08-23 15:15:46,2025-05-31 00:12:48,源飞宠物 Armitage Pet Care 中恒宠物
智能垃圾回收柜,2019-07-02 10:32:20,2024-02-20 01:45:51,小黄狗 爱家物联 我爱收
家用垃圾处理器,2019-06-28 11:06:04,2025-05-05 00:32:36,蔚复来 InSinkErator 浦桑尼克
模拟芯片,2019-05-24 10:46:46,2025-06-05 00:01:24,天易合芯 腾微芯光 芯合电子
废品回收,2018-11-02 10:06:40,2025-06-05 11:51:15,虎哥环境 拾起卖 KJ Environment
电子发票,2019-04-03 14:12:28,2025-06-04 00:14:03,大象慧云 百望股份 Pagero
匿名社交,2018-09-07 10:11:54,2025-05-30 00:55:16,藕荷网络 Glowe 阁楼 Soul
音乐社交,2018-09-06 11:27:38,2025-06-05 01:38:29,碎乐 Turntable Live 快音
线上剧本杀平台,2018-11-22 16:46:15,2025-03-14 16:57:56,HALO剧本杀 密境科技 鹿世界
口腔连锁,2018-09-27 14:32:21,2025-06-05 11:49:51,美奥口腔 牙博士 极橙齿科
AI翻译机,2018-09-21 14:15:00,2024-01-18 17:08:08,准儿翻译 百度共享WIFI翻译机 搜狗翻译宝
电竞赛事运营,2018-08-29 10:28:55,2025-06-03 15:40:02,比夫电竞 NODWIN Gaming Multiplayr
眼镜电商,2018-07-09 20:21:18,2025-05-31 00:03:42,Eyewa Lenskart 4inLOOK
卫星研发,2018-08-16 12:27:38,2025-05-31 00:05:16,魔方卫星 钧天航宇 格思航天
分级阅读,2018-08-14 09:20:25,2025-04-24 00:54:52,大卫熊英语 易莱博 iStoria
大语文,2018-08-07 10:53:47,2023-04-06 01:01:21,唱道 卓越大语文 快哉学堂
二手书交易,2018-07-31 10:26:10,2024-03-31 02:38:06,阅邻 回流鱼 熊猫格子
潜水旅游,2018-07-30 10:08:00,2022-01-01 00:50:26,海鸟窝 Dive+ 淇祥国旅
共享纸巾,2018-08-02 11:21:38,2024-05-03 00:19:53,杭洁 纸巾宝 云纸物联
手机维修,2018-07-26 10:14:50,2025-05-03 00:43:55,一小时科技 菲克斯特 易安修
钢琴在线陪练,2017-12-11 16:06:51,2022-08-24 00:11:44,VIP陪练 乐意音乐 快陪练
外卖代运营,2018-07-25 09:52:53,2024-11-09 00:36:26,上官推科技 商有Syoo 餐盈动力
疫苗研发,2018-07-23 16:00:14,2025-06-05 11:48:44,浩博医药AusperBio 昆秦生物 赫兹生命
电影院线,2018-07-18 10:35:19,2025-06-04 00:09:12,上海星轶 幸福蓝海 青岛奥斯卡
街舞培训,2018-09-27 14:46:59,2022-12-25 01:04:30,第壹街舞 嘻哈帮街舞 Caster
健身应用,2018-07-16 14:05:35,2025-05-30 00:54:06,GROWL GoJoe 坚蛋运动
公考培训,2018-07-12 11:41:24,2025-05-28 00:36:33,华图教育 ixamBee 粉笔
小程序电商,2018-07-11 11:41:38,2025-03-14 16:54:13,好再来有好货 靠谱好物 订蛋糕
肿瘤大数据,2018-07-10 11:04:35,2025-06-05 01:37:07,壹永科技 Syapse 燃石医学
共享滑板车,2018-07-09 14:01:24,2024-06-05 01:16:38,Zypp 精灵滑行 Neuron Mobility
有声阅读,2018-07-04 15:14:15,2025-06-04 00:07:11,Pocket FM 唱道 Kuku FM
智能阅卷,2018-07-03 16:03:51,2025-05-06 01:15:06,上海易教 启明合心 七天教育
粉丝应援平台,2018-07-03 10:24:09,2024-12-04 00:18:48,星小班 摩点众筹 粉思FanS
固废处理,2018-06-29 10:16:25,2025-06-05 11:46:34,聊城雅居乐环保 阜新中科 易行新材料
大数据安全,2018-06-28 10:29:26,2025-05-30 00:52:04,数安易科技 全拓卓悦 世平信息
共享办公,2018-06-27 16:24:59,2025-05-06 01:14:58,Bee+ 创联工场 氪空间
经纪公司,2018-06-26 10:39:15,2025-06-05 01:34:56,SM娱乐 拉近影业 天浩盛世
在线少儿英语,2018-06-25 14:42:53,2025-04-02 01:05:34,Kelly's Education 瓜瓜龙英语 YIYI英语
电竞大数据,2018-06-21 10:14:29,2023-08-15 11:54:23,Overwolf MAX+ PandaScore
目的地游,2018-06-20 10:44:04,2025-05-29 11:39:31,Tern Travel Klook客路 Hurtigruten
滑雪社交,2018-06-19 11:33:52,2024-12-24 00:56:29,滑雪族 滑呗 GoSki
智能法务,2018-06-14 09:54:17,2025-06-05 15:07:38,Legora Theo Ai Supio
小龙虾品牌,2018-06-12 10:56:47,2025-05-28 00:33:59,信良记 虾baby 虾小士
陪伴机器人,2018-06-07 10:58:30,2025-06-05 01:34:34,派宝机器人 芯算无限 乐享科技
智能楼宇,2018-06-05 11:39:54,2025-06-05 10:05:14,宇泛智能 锋物科技 业鹏数智
足球大数据,2018-06-04 11:18:34,2023-09-16 01:55:05,Bepro11 足球魔方 悠彩互动
二手车交易平台,2017-11-10 15:21:37,2025-05-08 01:03:02,平安好车 Clutch Canada Cardino
营地教育,2018-05-21 15:34:21,2025-03-14 16:50:38,皓石教育 阅羊教育 智新超越
自助咖啡机,2018-05-22 18:29:55,2025-06-05 10:04:53,WinnCafe稳因咖啡 小咖咖啡 上成智饮
足球社区,2018-06-08 09:58:57,2025-06-05 15:51:17,虎扑 AYO Indonesia TrophyRoom
健身俱乐部,2018-06-05 16:33:33,2025-04-26 01:39:53,古德菲力 Equinox Fitness 一兆韦德
区块链供应链金融,2018-04-27 14:14:12,2025-04-30 01:27:25,布比科技 趣链科技 复杂美
基因大数据,2018-06-04 11:06:26,2025-05-22 00:59:43,慧因数据 赛福基因 时代基因
眼动追踪,2018-05-28 17:28:06,2025-05-21 01:36:46,AdHawk Microsystems 青研科技 七鑫易维
空间多组学,2025-05-16 11:15:24,2025-05-17 12:00:28,茵菲生物 德运康瑞 源星智造
AI一体机,2025-05-15 11:47:14,2025-06-05 15:39:07,行云集成电路 硅基流动 宝德计算
GPGPU,2025-05-14 11:07:31,2025-06-05 13:57:52,燧原科技 阵量智能 瀚博半导体
世界模型,2025-05-06 10:35:36,2025-06-05 15:39:00,智谱AI 星尘智能 Runway AI
MEMS芯片,2025-04-27 16:53:31,2025-06-05 12:17:48,博思半导体 微传科技 迷思科技
脂质纳米颗粒,2025-04-21 15:50:35,2025-06-05 10:36:16,澄实生物 Lilac pharma NanoVation Therapeutics
非病毒载体,2025-04-21 10:56:24,2025-06-05 10:36:14,赛蕴生物 ExoLab Italia NanoVation Therapeutics
细胞基因治疗,2025-04-18 11:38:51,2025-06-05 12:17:41,博进生物 士泽生物 浩博医药AusperBio
基因治疗,2025-04-08 13:26:08,2025-06-05 12:17:30,博进生物 士泽生物 浩博医药AusperBio
VCSEL,2025-04-03 14:50:13,2025-05-29 09:07:01,老鹰半导体 鼎芯光电 瑞识科技
AI4Science,2025-03-14 16:48:04,2025-06-05 12:17:20,耀速科技Xellar Biosystems Dotmatics Isomorphic Labs
AI材料科学,2025-03-14 16:35:40,2025-06-05 12:17:19,深度原理 深势科技 晶泰科技
AI化学,2025-03-14 14:57:01,2025-06-05 10:35:50,予路乾行 Isomorphic Labs 深度原理
LPU,2025-02-27 10:14:44,2025-05-31 00:36:42,Groq 无问芯穹
农业机器人,2025-01-20 16:13:18,2025-06-05 10:35:47,九御科技 食铁兽科技 觉物科技
闺蜜机,2025-01-15 15:15:09,2025-06-05 00:24:26,罗化芯 天猫精灵 小度科技
神经探针,2025-01-02 11:34:20,2025-06-02 11:14:48,IMEC Blackrock Neurotech 微灵医疗
NPU,2024-12-30 11:36:01,2025-06-05 13:57:13,燧原科技 瀚博半导体 爱芯元智
柔性植入式电极,2024-12-27 07:09:52,2025-06-05 15:38:18,Neuralink 阶梯医疗 Precision Neuroscience
刚性植入式电极,2024-12-26 16:40:57,2025-06-02 11:14:42,IMEC Blackrock Neurotech 瑞沃德
脑电采集设备,2024-12-25 16:14:49,2025-06-02 21:24:37,傲意科技 慧创医疗 阶梯医疗
脑机接口芯片,2024-12-18 16:21:05,2025-06-05 15:38:16,Neuralink 西湖灵犀 析芒医疗
量子芯片,2024-12-13 05:57:33,2025-06-05 10:35:36,硅臻量子 逻辑比特 QuEra Computing
晶圆传输设备,2024-12-09 13:39:16,2025-05-28 01:04:22,京仪装备 中科新松 果纳半导体
涂胶显影机,2024-11-28 15:22:28,2025-06-05 00:24:12,盛美半导体 迈睿捷 容道社
毫米波雷达芯片,2024-11-27 11:01:10,2025-05-31 10:32:22,天成电科 铭芯先进 瓴钛科技
激光雷达芯片,2024-11-21 14:42:30,2025-06-05 15:38:08,芯视界微电子 老鹰半导体 蔚来
升降桌,2024-11-18 13:45:54,2025-05-30 01:21:29,乐歌股份 光明园迪 迈德斯特
NAS,2024-11-14 10:59:24,2025-06-05 00:24:05,绿联科技 冰鲸科技 联想集团
细胞治疗,2024-11-07 11:51:46,2025-06-05 10:35:24,士泽生物 济德生物 TreeFrog Therapeutics
干细胞治疗,2024-11-06 00:48:39,2025-06-05 10:35:18,士泽生物 济德生物 TreeFrog Therapeutics
数字藏品平台,2024-11-01 02:05:43,2025-06-05 12:16:41,达普韦伯 Aurora Meta 小红书
智能戒指,2024-10-18 06:52:55,2025-06-05 10:35:08,雷鸟创新 Nolo VR 玖治科技
微型逆变器,2024-10-16 13:44:28,2025-06-04 09:04:51,爱昶新能源 代勒兰德 微胜新能源
免疫细胞治疗,2024-09-23 14:22:38,2025-06-05 10:35:06,原能细胞 Kincell Bio AbClon
溶瘤病毒疗法,2024-09-13 00:23:52,2025-06-05 10:35:00,荣瑞医药 滨会生物 普米斯
转染试剂,2024-08-30 00:46:02,2025-04-18 01:32:13,Mirus Bio 吉玛基因 同立海源生物
质粒,2024-08-26 14:54:57,2025-06-05 00:23:33,博进生物 NorthX Biologics 希济生物
细胞培养基,2024-08-23 01:17:31,2025-06-05 08:53:46,沃美生物 遇见味来 百迪生物
病毒载体,2024-08-21 17:10:20,2025-06-05 00:23:30,艺妙神州 宜明生物 康霖生物
PPS聚苯硫醚,2024-08-04 15:24:09,2025-06-04 17:33:09,中科兴业 新任科技 沃特股份
LCP液晶高分子,2024-08-02 01:27:11,2025-06-04 17:33:08,清研高分子 中塑股份 贝迪新材
PEEK聚醚醚酮,2024-08-01 14:14:51,2025-06-04 17:33:07,清研高分子 海隆赛能 聚科高新材
玻璃纤维,2024-07-25 16:50:54,2025-06-05 00:23:19,维斯德 FibreCoat 隆芝耀
消费无人机,2024-07-22 01:24:50,2025-06-05 10:34:41,智航无人机 蜂巢航宇 科卫泰
空管系统,2024-07-19 07:09:25,2025-06-05 12:16:02,莱斯信息 航天南湖 东进航科
测绘无人机,2024-07-19 06:36:45,2025-06-05 10:34:38,傲势科技 双捷科技 开普勒卫星
AI设计工具,2024-07-15 09:57:01,2025-06-05 12:15:59,美图设计室 美图秀秀 Runway AI
涂布机,2024-07-08 10:38:21,2025-06-05 00:23:11,大正微纳 迪塔镁克DataMaker 协鑫光电
超声波焊机,2024-07-04 21:44:29,2025-05-26 00:18:22,海颂科技 Emerson Electric 骄成超声
复合集流体,2024-07-01 14:21:30,2025-06-05 12:15:55,安迈特科技 纳力科技 柔震科技
复合铝箔,2024-07-01 13:43:51,2025-06-05 12:15:53,安迈特科技 纳力科技 柔震科技
软件定义存储,2024-06-28 00:26:14,2025-06-05 13:55:56,StarWind Software Infinidat DDN
混合键合设备,2024-06-27 16:50:09,2025-06-04 12:29:58,Besi 芯慧联新 艾科瑞思
贴片机,2024-06-23 22:38:53,2025-06-05 00:23:02,触点智能 Besi 景焱智能
倒装芯片贴片机,2024-06-19 18:35:13,2025-05-30 01:20:29,Besi 博众精工 景焱智能
晶圆键合机,2024-06-19 15:00:58,2025-06-04 12:29:55,研材微纳 芯慧联新 海创智能
引线键合机,2024-06-14 02:00:22,2025-05-13 01:08:16,德沃先进 尚进自动化 大族光电
离子注入机,2024-06-14 00:31:13,2025-06-03 21:13:12,艾恩半导体 思锐智能 松煜科技
键合丝,2024-06-11 07:51:18,2025-05-20 00:52:35,铭沣科技 蓝微电子 威纳尔
MSP云管理服务,2024-06-06 17:42:42,2025-06-05 00:22:54,亚信科技 中国软件 同方有云
空气悬架,2024-06-05 14:36:26,2025-06-03 09:17:27,孔辉科技 奕力电磁 普畅智能
多肽原料,2024-06-03 15:16:04,2025-06-04 17:32:39,维琪科技 瑞德林生物 圣惠康
多肽药物,2024-05-30 14:59:15,2025-06-05 12:15:36,派格医药 恒瑞医药 民为生物
电磁屏蔽材料,2024-05-29 13:41:34,2025-06-03 00:44:50,必控科技 泰吉诺新材 铂韬新材
船舶自动化,2024-05-24 00:06:57,2025-05-31 00:34:58,无疆技术 赛尔尼柯 上海船研所
无人船,2024-05-23 17:02:44,2025-06-05 12:15:30,海舶无人船 汉图达科技 致导科技
AMHS自动物料搬送系统,2024-05-17 15:52:15,2025-06-05 00:22:41,新施诺 华沿机器人 格创东智
果酒,2024-05-16 17:00:20,2024-11-29 13:18:14,Sprinter 赋比兴 Missberry
OLED显示驱动芯片,2024-05-15 17:16:21,2025-06-05 00:22:38,数字光芯 昀光科技 云英谷科技
码垛机器人,2024-05-10 11:23:00,2025-06-05 15:36:37,钱江机器人 Dexterity 新时达
EPB电子驻车制动系统,2024-05-06 10:39:57,2025-06-05 00:22:33,比亚迪 格陆博科技 同驭汽车科技
LPCVD设备,2024-04-28 18:01:38,2025-06-05 00:22:31,微釜半导体 拉普拉斯 松煜科技
PVD设备,2024-04-26 01:51:55,2025-06-04 19:20:10,合肥欣奕华 海创智能 韫茂科技
ALD设备,2024-04-19 13:25:35,2025-06-05 00:22:26,韫茂科技 思锐智能 首芯半导体
PECVD设备,2024-04-19 00:22:36,2025-06-04 19:20:04,海创智能 拉普拉斯 首芯半导体
湿电子化学品,2024-04-16 10:50:51,2025-06-05 00:22:22,兴福电子 西陇科学 安集科技
T/R组件,2024-04-12 01:27:10,2025-06-03 17:48:24,天成电科 睿源云启 德睿智芯
HBM高带宽存储,2024-04-11 17:12:02,2025-06-05 00:22:19,芯慧联新 美光
高速IO连接器,2024-03-29 01:36:19,2025-05-31 05:35:29,迦连科技 意华股份 方向电子
高速背板连接器,2024-03-28 17:50:41,2025-06-02 01:01:06,庆虹电子 华丰科技 西点精工
DRAM动态随机存取存储器,2024-03-28 17:29:58,2025-06-05 15:36:19,谦合益邦 联和存储 晋华集成电路
NMN烟酰胺单核苷酸,2024-03-27 17:23:11,2025-06-03 00:44:19,青杄生物 尚科生物 邦泰生物
AIPC,2024-03-22 09:55:11,2025-06-05 12:15:01,联想集团 龙旗科技 LG
中式炸鸡,2024-03-21 11:11:39,2024-10-11 16:43:00,脆鸡日记 虎头炸 解忧婆婆
巡检无人机,2024-03-19 18:02:23,2025-06-05 00:22:12,因诺航空 云圣智能 众芯汉创
消防无人机,2024-03-14 18:34:22,2025-05-04 00:13:54,傲势科技 蜂巢航宇 蓝悦无人机
农业无人机,2024-03-13 16:25:52,2025-06-05 10:33:31,沃飞长空 云圣智能 蜂巢航宇
折扣零售,2024-03-01 07:06:42,2025-06-05 12:14:50,京小盒商贸 HitGoo嗨特购 零食很忙
AI社交,2024-02-27 14:02:00,2025-06-05 13:54:53,次元通讯 Little Umbrella 未源纵衡
CSO医药合同销售组织,2024-02-04 13:55:06,2025-05-28 01:02:06,亿腾医药 维健医药 皓月医疗
CMO合同生产组织,2024-01-31 10:15:01,2025-06-05 13:54:47,迪赢生物 海纳医药 健新原力
滴灌,2024-01-23 11:32:18,2025-05-21 00:23:42,大叶工业 Synnefa 鼎德华夏
土壤修复,2024-01-19 08:47:52,2025-05-21 00:23:40,泓阳环保 本农科技 海南新巨能
空心杯电机,2024-01-19 08:37:24,2025-06-04 00:35:37,新思考电机 禾川科技 鼎智科技
水稻直播,2024-01-15 15:11:13,2025-06-04 12:28:39,袁粮水稻 隆平高科 中一种业
再生稻,2024-01-12 15:03:45,2025-06-04 12:28:38,丰乐种业 隆平高科 桃花源
行星滚柱丝杠,2023-12-29 16:15:46,2025-06-04 00:35:34,诺仕机器人 长坂科技 狄兹精密
滚珠丝杠,2023-12-28 16:57:37,2025-06-04 10:45:12,狄兹精密 奎源精密 南京工艺装备
六维力矩传感器,2023-12-28 11:07:41,2025-06-04 00:35:31,佳安智能 千觉机器人 中清科技
精密行星减速器,2023-12-26 18:14:46,2025-06-03 00:43:41,灵枢动力 斯微特 飞马传动
四足机器人,2023-12-20 11:25:48,2025-06-05 08:51:57,格蓝若智能 魔法原子MagicLab 优宝特机器人
平面超透镜,2023-12-14 18:26:06,2025-06-05 12:14:16,迈塔兰斯 NIL Technology ApS 纳境科技
电动轮椅,2023-12-04 01:21:09,2025-06-03 21:11:41,群旺科技 Scewo 迈德斯特
燃气轮机,2023-11-30 19:02:53,2025-06-05 12:14:13,华天航空 点石航空 航燃科技
燃料电池电堆,2023-11-29 10:38:17,2025-06-04 22:40:03,未势能源 投特新能 氢璞创能
液冷技术,2023-11-23 23:15:41,2025-06-05 13:54:12,宁德时代 热控科技 比亚迪
智能运维AIOps,2023-11-23 21:57:34,2025-06-05 12:14:04,金智维 联想集团 中国软件
短剧买量渠道,2023-11-16 21:12:32,2025-06-05 12:14:02,X 小红书 快手
长视频平台,2023-11-16 15:42:27,2025-06-05 08:51:31,搜狐视频 爱奇艺 六间房
以太网交换芯片,2023-10-26 16:47:17,2025-06-05 00:21:02,禾芯半导体 云合智网 楠菲微电子
以太网物理层芯片,2023-10-26 16:43:29,2025-06-05 12:13:52,景略半导体 德州仪器 裕太微电子
交换机,2023-10-23 18:27:36,2025-06-05 10:32:26,星融元 庆虹电子 新华三
燃料电池增湿器,2023-10-12 19:04:32,2024-10-19 00:38:05,魔方新能源 琦睿电池科技 天朤氢能
燃料电池空压机,2023-10-12 18:57:56,2025-06-05 00:20:51,东德实业 Hanon Systems 海德韦尔
气体扩散层,2023-09-26 10:53:03,2025-06-05 00:20:50,国科领纤 济平新能源 上海碳际
双极板,2023-09-22 11:07:34,2025-06-05 12:13:41,氢璞创能 时代储能 海得利兹
核废料处理,2023-09-01 10:50:35,2025-06-05 00:20:46,中国核电 华贸物流 中国广核
核电站BOP,2023-08-31 18:51:56,2025-06-05 10:32:14,中国核电 盾安环境 大连重工
核电常规岛设备,2023-08-31 18:43:46,2025-06-05 00:20:43,天沃科技 沈鼓集团 上海电气
核岛设备,2023-08-31 18:32:39,2025-06-05 00:20:42,佳电股份 西安核设备 湘电股份
核电运营,2023-08-31 18:02:29,2025-06-04 00:34:33,中国核电 苍南第二核电 三门核电
核电站建设,2023-08-31 17:22:48,2025-06-05 00:20:38,中核二二 电投核能 中国核电
碲锌镉晶体,2023-08-25 14:58:37,2025-06-02 00:59:20,迪泰克 优晶光电 Redlen Technologies
300M钢,2023-08-24 14:47:45,2025-06-03 21:10:54,抚顺特钢
燃料电池催化剂,2023-08-17 16:32:09,2025-06-05 12:13:28,氢通新能源 动量材料 力炻电极
扫描电镜,2023-08-10 11:15:25,2025-06-05 00:20:33,大束科技 泽攸精密 惠然科技
数据库管理系统,2023-08-10 11:12:28,2025-06-05 12:13:25,DataStax Databricks Aerospike
医学影像设备元器件,2023-08-10 11:12:12,2025-06-05 00:20:29,富通康影 忱芯科技 智束科技
高端焊接电源,2023-08-10 11:10:17,2025-05-27 01:31:14,瑞凌股份
水下连接器,2023-08-10 11:09:59,2025-06-05 00:20:27,蓝梭科技 中杭电子 通用电气
掘进机主轴承,2023-08-10 11:09:40,2025-06-03 22:51:53,铁建重工 中铁工程装备 蒂森克虏伯
透射式电镜,2023-08-10 11:09:18,2025-05-08 01:34:27,大束科技 西门子 飞利浦
高压共轨系统,2023-08-10 11:07:30,2025-06-04 00:34:18,Cummins 钧风电控 三联锻造
航空设计软件,2023-08-10 11:06:27,2025-06-04 00:34:18,ANSYS 西门子 nTopology
高压柱塞泵,2023-08-10 11:05:55,2025-05-21 00:22:11,中航重机 羿弓氢能 太重榆液
高端轴承钢,2023-08-10 11:05:38,2025-05-28 01:00:33,东北特钢 富凯 建龙北满特殊钢
钢轨铣刀,2023-08-10 11:00:14,2024-04-09 03:17:49,成都工具所
超高强度钢,2023-08-10 10:59:46,2025-06-03 21:10:38,鞍钢集团 抚顺特钢
工业机器人核心算法,2023-08-10 10:59:28,2025-06-04 00:34:13,景业智能 库卡机器人KUKA ABB
ITO靶材,2023-08-10 10:57:41,2025-06-04 09:01:36,映日科技 壹纳光电 智隆新材
高端电容电阻,2023-08-10 10:36:46,2025-06-05 10:31:47,微容科技 风华高科 奇力新
航空发动机短舱,2023-08-10 10:12:57,2025-05-23 00:44:23,Triumph Group Bombardier 中国航发成都发动机
真空蒸镀机,2023-08-09 15:09:59,2025-06-04 12:27:10,合肥欣奕华 光润真空 洪田科技
飞轮储能,2023-08-08 11:15:31,2025-04-12 00:04:54,泓慧能源 中核汇能 坎德拉新能源
触觉传感器,2023-08-07 10:19:50,2025-06-04 12:27:03,佳安智能 帕西尼感知科技 千觉机器人
锂电正极材料,2023-08-07 09:59:52,2025-06-05 10:31:36,常州锂源 银贮科技 博粤新材
光谱仪,2023-07-26 15:19:47,2025-06-04 10:43:30,博霆光电 复享光学 星锐智能化
定向声,2023-07-21 08:10:41,2025-02-16 00:05:43,清听声学 重庆清文科技 Akoustic Arts
色谱仪,2023-07-19 18:55:05,2025-06-05 00:19:58,依利特 汉邦科技 华谱科仪
EDM文件管理系统,2023-07-14 14:00:18,2025-06-03 12:39:09,金慧软件 开目软件 西门子
PDM产品数据管理,2023-07-11 16:37:52,2025-06-04 00:33:50,易立德 模德宝 阳普科技sunpro
QMS质量管理系统,2023-07-10 10:32:50,2025-06-05 00:19:54,格创东智 明度智云 忽米网
WMS仓储管理系统,2023-07-03 09:49:37,2025-06-05 10:31:23,劢微机器人 中舰智能 富勒科技
TOF,2023-06-26 16:11:36,2025-06-05 00:19:46,启源视觉 芯视界微电子 瞰瞰智能
PLM产品生命周期管理,2023-06-25 10:22:44,2025-06-05 10:31:16,深圳湃睿 维拓科技 蓝茵科技
偏光片,2023-06-21 10:44:57,2025-06-05 00:19:42,华北住化 无锡旭友 麓邦
无人机飞控,2023-06-19 06:29:49,2025-05-27 01:30:25,边界智控 致导科技 艾飞智控
驾驶员监控系统,2023-06-15 14:29:24,2025-06-05 12:12:35,备至科技 瑞识科技 INVO智华
生物芯片,2023-06-07 11:13:42,2025-05-30 01:17:15,迈恩创芯 丹望医疗 艾玮得
色谱填料,2023-06-05 11:39:29,2025-06-05 00:19:30,华谱科仪 艾捷博雅 微纯生物
微球,2023-06-05 11:27:02,2025-06-05 12:12:26,三锐佰德 浩微生物 纳慧纳米
域控制器,2023-05-24 11:27:27,2025-06-05 12:12:23,钧联电子 宏景智驾 易航智能
数据治理,2023-05-19 18:58:29,2025-05-30 01:17:03,数据宝 德拓信息 壹永科技
光分路器,2023-05-16 10:45:44,2025-06-05 00:19:17,麒宁芯维度 烽火通信 科信技术
激光清洗机,2023-05-12 14:55:44,2025-05-27 01:29:59,禹工水导 华工大光电智能 玛斯特
全固态激光器,2023-05-08 13:54:43,2025-05-07 00:46:38,云汉星驰 卓镭激光 梅曼激光
固体激光器,2023-04-28 15:05:07,2025-06-05 00:19:13,帕科斯激光 中科原子 云岭光电
数据版本控制,2023-04-26 15:46:50,2025-03-13 00:35:37,Weights and Biases Databricks 星鲸科技
实验跟踪,2023-04-25 15:28:19,2025-06-03 10:55:34,Weights and Biases 星鲸科技 Iguazio
半导体清洗设备,2023-04-24 10:23:24,2025-06-05 00:19:10,盛美半导体 芯源微 全芯微电子
模型库,2023-04-19 15:49:31,2025-06-05 00:19:04,旷视科技 格林比特 Hugging Face
模型监控,2023-04-04 11:04:40,2025-06-03 10:55:25,Snorkel AI Weights and Biases Aporia
AI表格生成,2023-03-30 10:09:07,2025-06-05 15:33:09,金山办公 Google 微软
AIGC内容检测,2023-03-29 16:11:42,2025-06-05 12:12:00,OpenAI 瑞莱智慧 Writer
特征平台,2023-03-28 15:40:50,2025-06-03 10:55:18,Databricks 渊亭科技 第四范式
AI SEO生成,2023-03-21 16:34:47,2025-06-05 12:11:53,Writer 西湖心辰 Kua.ai
AI PPT生成,2023-03-21 14:23:37,2025-06-05 15:33:00,Stability AI Gamma Tome
AI邮件生成,2023-03-12 21:18:17,2025-06-05 12:11:50,PostPilot Kua.ai Regie
AI广告生成,2023-03-10 09:04:31,2025-06-05 12:11:49,数美万物 Rembrand 丰通伟业
数据库,2023-02-21 16:34:48,2025-06-05 13:51:38,Crunchy Data neon.tech Springtail
质子交换膜水电解槽,2023-02-03 18:58:07,2025-06-01 11:19:08,Hystar Plug Power 卡沃罗
碱性水电解槽,2023-02-03 18:51:00,2025-06-05 00:18:20,Plug Power 凯豪达氢能源 瑞麟科技
PGA聚乙醇酸,2023-02-01 15:40:29,2025-06-03 10:54:39,中国石化 久泰新材料 丹化科技
惯性导航,2023-01-30 17:14:31,2025-06-05 13:51:20,中航天佑 导远电子 中科航芯
熊去氧胆酸,2023-01-11 10:26:48,2025-06-05 13:51:12,广生堂 吉贝尔 赛托生物
ECMO,2023-01-09 14:46:41,2025-06-04 00:32:01,汉诺医疗 心擎医疗 关怀医疗
草甘膦,2023-01-05 19:00:05,2025-06-05 12:11:05,泰禾股份 丰乐种业 红太阳
环氧丙烷,2023-01-04 10:29:48,2025-06-04 17:27:54,永和股份 国安化学 瑞华技术
植物照明,2022-12-26 18:19:18,2025-06-01 01:19:07,晶科电子 通用电气 雷曼光电
氦气,2022-12-23 15:13:18,2025-06-05 00:17:57,Renergen 启元气体 科益气体
茶饮出海,2022-12-13 16:35:35,2025-06-05 05:28:38,沪上阿姨 霸王茶姬 蜜雪冰城
EVA,2022-12-12 14:24:13,2025-06-04 00:31:49,斯尔邦石化 新霖飞能科 新恒泰
POE,2022-12-09 15:35:14,2025-06-04 08:59:16,斯尔邦石化 中国石化 京博石化
PET基膜,2022-12-07 11:37:29,2025-06-05 00:17:49,恒力石化 裕兴股份 羽玺新材
压雪车,2022-11-29 15:56:44,2025-03-13 00:33:33,河钢资源 悍牛国际
造雪机,2022-11-28 15:06:28,2022-11-30 12:37:56,
酸辣粉,2022-11-26 10:11:12,2025-06-05 00:17:32,小龙坎 满小饱 阿宽食品
新风系统,2022-11-24 14:38:38,2025-06-05 15:31:43,欧伦电气 德普莱太 美的集团
压缩空气储能,2022-11-22 16:48:04,2025-06-05 00:17:27,华科超能 艾铮能源 中盐华能
连锁炸串店,2022-11-19 21:23:43,2025-05-17 01:07:50,夸父炸串 龙门炸串 愚公炸串
室内滑雪,2022-11-17 18:29:18,2025-06-05 15:31:39,乔波冰雪世界 西部长青 万达商业
轮毂电机,2022-11-14 11:40:52,2025-06-05 00:17:23,程天科技 佳电股份 万安科技
数字PCR,2022-11-10 16:00:47,2025-06-04 08:58:50,睿璟生物 Stilla Technologies 思纳福医疗
PVDF,2022-11-07 19:11:36,2025-06-04 20:56:05,东岳化工 璞泰来 多氟多
MiniLED,2022-11-03 18:42:50,2025-06-05 15:31:28,北京芯能 芯格诺 晶科电子
地塞米松,2022-10-27 15:20:34,2025-06-05 10:28:51,金陵药业 新合新生物 溢多利
DDOS防护,2022-10-24 18:54:58,2025-06-05 12:10:11,新华三 知道创宇 帆一云
Web应用防火墙,2022-09-30 11:01:28,2025-06-05 12:09:59,珍岛集团 北京长亭科技 启明星辰
气体传感器,2022-09-29 16:52:37,2025-06-05 12:09:57,川东磁电 中科智科技 美思先端
云防火墙,2022-09-29 16:16:22,2025-06-05 12:09:53,新华三 山石网科 McAfee
免疫球蛋白制品,2022-09-29 15:33:19,2025-06-05 00:16:46,南岳生物 中原瑞德 上海莱士
入侵防御系统,2022-09-23 17:00:17,2025-06-05 12:09:50,新华三 沥泉科技 浪潮云
入侵检测系统,2022-09-23 15:48:32,2025-06-05 12:09:48,国泰网信 启明星辰 六方云
堡垒机,2022-09-23 10:43:01,2025-06-05 12:09:46,珍岛集团 美创科技 国泰网信
飞机刹车系统,2022-09-22 18:28:30,2025-05-28 00:56:52,航空工业制动 博云新材 优材百慕
汽车空气弹簧,2022-09-22 17:41:17,2025-06-03 10:52:59,汉思科特 孔辉科技 拓普集团
蜜罐,2022-09-22 15:25:05,2025-06-05 12:09:39,北京长亭科技 浪潮云 启明星辰
冲击波医疗器械,2022-09-21 18:29:06,2025-05-30 01:14:23,普门科技 慧康公司 希迪克
胶原蛋白原料,2022-09-21 16:06:32,2025-06-05 12:09:36,聚源生物 博创生物 创健医疗
自热火锅,2022-09-20 16:06:55,2025-06-05 13:49:40,小龙坎 阿宽食品 白象食品
NASH药物,2022-09-16 17:02:58,2025-06-05 12:09:33,TreeFrog Therapeutics 派格医药 广生堂
特种气体,2022-09-16 08:58:08,2025-06-05 00:16:23,绿菱气体 全椒南大 瑞尔泰
钕铁硼永磁材料,2022-09-16 08:56:47,2025-06-05 10:28:03,天和磁材 江苏东瑞磁材科技 英思特
抽水蓄能,2022-09-15 18:27:08,2025-06-05 13:49:31,南网储能 南方电网 中国电建
CASB云访问安全代理,2022-09-15 11:36:33,2025-06-05 12:09:25,天空卫士 Netskope McAfee
钐钴磁铁,2022-09-14 15:41:05,2025-06-05 10:27:57,天和磁材 英思特 宁波科星材料科技
CMP设备,2022-09-13 15:35:50,2025-06-03 15:59:32,众硅科技 特思迪 元夫半导体
汽车连接器,2022-09-06 15:58:07,2025-06-05 00:16:11,庆虹电子 长盈精密 意华股份
光伏玻璃,2022-09-04 23:02:39,2025-06-05 00:16:09,新霖飞能科 旗滨光能 宜兴中建材
伺服系统,2022-09-01 17:22:19,2025-06-05 15:30:23,伊贝基 西恩科技 新时达
空气源热泵,2022-08-30 11:30:42,2025-06-05 15:30:21,叁叁新能源 欧森纳 腾龙股份
谐波减速器,2022-08-25 16:54:12,2025-06-04 00:30:03,同川精密 瀚晟传动 灵枢动力
PCS储能变流器,2022-08-24 11:22:01,2025-06-05 00:16:00,恩玖科技 首航新能 比亚迪
AMOLED面板,2022-08-17 15:46:11,2025-06-05 15:30:08,Microoled 天马显示 熙泰科技
储能温控,2022-08-12 16:27:20,2025-06-03 22:47:25,埃泰斯 奥特佳 海悟集团
免热处理铝合金,2022-08-11 18:46:06,2025-06-05 00:15:49,帅翼驰 顺博合金 广东鸿图
毫米波芯片,2022-08-11 17:31:31,2025-06-05 12:08:58,天成电科 德氪微 中科海高
一体化压铸商,2022-08-10 16:58:29,2025-06-05 00:15:46,文灿股份 拓普集团 启新模具
一体化压铸机,2022-08-08 20:55:35,2025-05-28 00:56:05,力劲科技 特斯拉 伊之密
医用微球,2022-08-04 16:04:54,2025-06-05 12:08:52,浩微生物 微纯生物 赛分科技
聚乙二醇,2022-08-03 15:24:42,2025-06-05 00:15:39,派格医药 华腾制药 赛诺邦格
脂质体,2022-07-28 18:52:54,2025-06-05 00:15:38,恩康药业 心光生物 Mirai Bio
内容风控,2022-07-27 17:06:37,2025-06-05 12:08:47,人民中科 七牛云 国瑞数智
人工血管,2022-07-22 15:29:34,2025-06-04 10:39:00,华畅医疗 海迈医疗 领博生物
超声刀,2022-07-20 18:58:57,2025-06-03 00:37:43,健新医疗 领微医疗 普瑞顺祥
CEM,2022-07-19 15:08:06,2025-06-05 00:15:30,华客科技 体验家XMPlus NPSMeter
飞盘,2022-07-12 14:27:26,2025-05-30 17:47:07,
半导体检测设备,2022-07-11 14:16:27,2025-06-05 00:15:26,大摩半导体 触点智能 亘芯悦
GPCR,2022-07-07 17:12:38,2025-06-01 11:16:03,晶蛋生物 爱思益普 Longboard Pharmaceuticals
可视门铃,2022-06-30 11:03:11,2025-06-05 10:27:04,arlo 视声智能 疯景科技
OCT,2022-06-27 19:09:02,2025-06-04 00:29:21,博霆光电 恒宇医疗 图湃医疗
吻合器,2022-06-27 10:56:47,2025-06-01 01:16:38,美东汇成 聚交芯创 世格赛思
光掩模,2022-06-23 19:24:39,2025-06-05 15:29:32,迪思微电子 清溢光电 兴华芯
MDI,2022-06-22 10:57:59,2025-05-30 01:13:13,Covestro 巨力化学 康乃尔
FPC柔性电路板,2022-06-17 19:10:15,2025-05-31 05:29:01,嘉之宏 弘信电子 欣盛
膜电极,2022-06-13 00:53:15,2025-06-05 12:08:15,未势能源 投特新能 理工氢电
氢气提纯,2022-06-06 09:49:52,2025-06-05 00:15:01,鸿达兴业 中科轩达 中国石化
益生菌制造,2022-05-30 15:39:33,2025-06-05 00:14:58,交大昂立 佰澳达 知易生物
人工晶状体,2022-05-27 01:47:11,2025-06-04 15:42:43,爱博医疗 BVI Medical 麦得科科技
手持云台,2022-05-27 00:52:19,2025-06-05 10:26:39,Hohem浩瀚 固胜科技 智云
房车租赁,2022-05-24 17:11:01,2025-05-30 12:48:26,新吉奥集团 UKcaravans4hire Outdoorsy
千金藤素,2022-05-20 01:33:58,2025-06-05 00:14:54,海王生物 优宁维 皓元医药
数字哨兵,2022-05-17 11:50:25,2025-06-05 15:29:07,汇纳科技 鸿湖万联 大华股份
房车制造,2022-05-16 01:05:50,2025-05-17 01:05:18,康派斯 德野股份 新吉奥集团
户外炉具,2022-05-10 18:13:01,2025-01-31 00:24:36,爱路客 Snow Peak
环氧树脂,2022-04-30 23:33:45,2025-06-04 08:56:21,衡封新材 智仑新材 嘉盛德
生物基材料,2022-04-29 08:29:42,2025-06-05 00:14:42,肆芃科技 菁科生物 灵蛛科技
可降解塑料,2022-04-28 17:33:11,2025-06-05 00:14:40,美瑞新材 三黍生物 甡物科技
P2E,2022-04-27 11:35:46,2024-02-15 04:48:54,Pixels Skrmiish LightningWorks
光伏胶膜,2022-04-24 01:10:54,2025-06-05 12:07:47,天洋新材 斯尔邦石化 阿特斯
林业碳汇,2022-04-22 02:58:09,2025-06-04 05:35:55,通融碳汇 中今建碳 凯来美
硅光芯片,2022-04-21 17:38:04,2025-05-30 09:40:11,光引科技 矽安光电 熹联光芯
余热回收,2022-04-21 12:41:45,2025-06-05 00:14:33,兴源环境 欧森纳 川润股份
AR光波导,2022-04-21 01:24:19,2025-06-04 15:42:15,至格科技 亮亮视野 广纳四维
生物柴油,2022-04-19 11:05:24,2025-05-25 00:45:07,广西融合生物能源 大地生物 天基生物
碳捕获,2022-04-15 03:11:22,2025-06-04 00:28:27,广汇能源 Aqualung Carbon Capture Vaulted Deep
陶瓷基板,2022-04-13 22:37:00,2025-06-05 00:14:25,陶陶科技 中江科易 环波科技
TPMS胎压监测系统,2022-03-31 09:19:51,2025-06-03 21:04:42,联创汽车 偌轮汽车科技 航盛电子
国产操作系统,2022-03-29 19:26:32,2025-06-05 00:14:12,麒麟软件 睿赛德 统信软件
光量子芯片,2022-03-24 19:39:51,2025-05-28 00:54:34,硅臻量子 Lightmatter Ephos
光伏银浆,2022-03-14 11:25:52,2025-06-05 00:13:58,索特电子 铜诚新能 贺利氏光伏科技
RV减速器,2022-03-10 17:34:55,2025-06-05 00:13:46,斯微特 玄鸟科智 智同科技
虚拟会展,2022-02-24 17:05:43,2025-06-03 22:45:18,31会议 智造家 海看股份
大马力拖拉机,2022-02-23 16:37:41,2025-06-05 14:26:43,潍柴雷沃 中联重科 沃得农机
跨境电商ERP,2022-02-21 17:55:50,2025-06-05 15:27:55,船长BI 速脉 积加
滑雪板,2022-01-20 17:24:39,2025-05-31 00:25:50,Amer Sports 奥雪文化 雪鸮科技
火锅底料,2022-01-14 16:24:06,2025-05-30 01:11:31,三牧农业 川娃子 澄明食品
送餐机器人,2022-01-12 16:01:36,2025-06-04 00:27:30,普渡科技 擎朗科技 深兰科技
冻干食品,2021-12-02 16:53:38,2025-06-05 00:13:16,朗诺股份 甦力康 善恩康
企业微信服务商,2021-11-26 15:32:21,2025-06-02 19:31:57,轻流 新榜信息 商帆科技
电竞椅,2021-11-24 17:55:18,2025-05-30 01:11:11,武狄实业 Secretlab 雷蛇
无代码开发平台,2021-11-22 16:25:03,2025-05-22 18:00:05,Sweep.io Adopt AI Swivel Inc.
企业费控,2021-11-17 16:03:04,2025-06-03 12:32:17,每刻科技 喜报销
问卷调查工具,2021-11-17 14:55:07,2025-06-05 15:27:18,轻流 Qualtrics 蓝信
思维导图,2021-11-17 11:19:52,2025-06-05 15:27:17,幕布 大麦地 印象笔记
协同文档,2021-11-10 15:21:29,2025-06-05 15:27:15,Coda 福昕鲲鹏 AFFiNE
研发管理工具,2021-11-05 15:19:14,2025-05-07 00:40:30,开源中国 Worktile PingCode
身份管理,2021-10-28 19:13:44,2025-06-05 12:06:02,领信数科 安讯奔 竹云科技
流感疫苗,2021-09-28 22:58:06,2025-06-04 20:51:26,科兴生物 中逸安科 上海生物制品
光刻机,2021-09-14 17:07:50,2025-05-18 00:23:06,影速集成 玉之泉 芯慧联
工业检测机器人,2021-08-30 01:49:01,2025-05-31 00:24:48,吉泰智能 蓝启智能 国巡机器人
喷涂机器人,2021-08-30 00:53:17,2025-03-15 00:27:29,清研同创机器人 丰坦机器人 PaintJet
焊接机器人,2021-08-30 00:52:08,2025-05-31 00:24:46,万宇科技 奥特自动化 凯之成智能
半导体封装设备,2021-08-30 00:43:02,2025-05-31 12:01:26,诚联恺达 触点智能 盛美半导体
LED封装,2021-08-30 00:36:38,2025-06-01 01:13:52,艾斯谱光电 雷曼光电 晶能光电
MOCVD设备,2021-08-29 23:54:47,2025-06-05 00:12:24,一塔半导体 华芯半导体 中微公司
LED芯片,2021-08-29 23:17:11,2025-06-05 12:05:33,显耀显示 秋水半导体 爱协生科技
蓝宝石衬底,2021-08-27 17:45:51,2025-05-31 00:24:37,华芯晶电 中图半导体 三安光电
粉末高温合金,2021-08-27 17:26:07,2025-05-06 01:33:16,钢研高纳 欧中科技 航材股份
铸造高温合金,2021-08-27 17:21:54,2025-06-05 00:12:18,钢研高纳 奇纳金科 炼石航空
变形高温合金,2021-08-27 17:19:11,2025-06-05 00:12:16,钢研高纳 东北特钢 图南股份
钛材,2021-08-27 17:10:00,2025-06-05 00:12:15,天工股份 金天钛金 金天钛业
钛锭,2021-08-27 17:09:18,2025-06-05 00:12:14,天工股份 金航钛业 中科锐金
气相白炭黑,2021-08-27 17:07:40,2025-05-31 10:21:39,东岳硅材 晨光新材 新安股份
硅烷偶联剂,2021-08-27 17:05:43,2025-06-05 00:12:11,鼎燕药化 江瀚新材 新亚强
硅油,2021-08-27 17:05:00,2025-06-03 00:34:16,Trigg Laboratories 至昕新材料 海多硅材
有机硅树脂,2021-08-27 17:04:03,2025-05-20 00:41:27,圣泉集团 陶氏化学 强力新材
有机硅高温胶,2021-08-27 16:48:07,2025-05-31 00:24:25,天辰新材 新亚强 宏达
有机硅室温胶,2021-08-27 16:45:07,2025-06-04 19:09:38,集泰股份 天辰新材 新亚强
107硅橡胶,2021-08-27 16:37:20,2025-05-31 10:21:35,东岳硅材 新安股份 兴发集团
有机硅生胶,2021-08-27 16:34:44,2025-05-31 10:21:34,东岳硅材 新安股份 兴发集团
有机硅中间体,2021-08-27 16:21:34,2025-05-31 10:21:33,三友硅业 瑞一科技 东岳硅材
特种光纤,2021-08-27 16:20:05,2025-05-29 20:13:52,长进光子 宏晟光电 烽火通信
光纤光缆解决方案,2021-08-27 16:18:23,2025-05-29 20:13:50,烽火通信 莱尼集团 长江通信
光纤光缆制造商,2021-08-27 16:10:40,2025-06-05 00:12:00,烽火通信 新菲光 长江通信
半导体光刻胶,2021-08-27 15:36:05,2025-06-04 17:22:04,研材微纳 容大感光 博康信息
LCD光刻胶,2021-08-27 15:34:45,2025-06-04 17:22:02,鼎材科技 容大感光 JSR株式会社
PCB光刻胶,2021-08-27 14:21:26,2025-06-04 17:22:01,鼎材科技 研材微纳 容大感光
SDN,2021-08-26 17:55:32,2025-06-03 00:33:59,天一恩华 星融元 中传股份
光刻胶光引发剂,2021-08-26 17:39:03,2025-06-05 00:11:52,觅拓材料 东海新材料 有为化学
光刻胶单体,2021-08-26 17:16:14,2025-06-05 10:23:36,博康信息 微芯新材 陶氏化学
光刻胶溶剂,2021-08-26 16:44:02,2025-05-01 01:02:36,博康信息 怡达股份 陶氏化学
光刻胶树脂,2021-08-26 15:53:39,2025-05-20 00:41:07,新盈电子 微芯新材 圣泉集团
海绵钛,2021-08-25 19:03:05,2025-06-03 09:05:53,天工股份 钒钛股份 金钛股份
有机硅单体,2021-08-24 18:00:49,2025-05-31 10:21:11,三友硅业 东岳硅材 中天东方氟硅材料
三氯氢硅,2021-08-24 15:39:35,2025-06-05 00:11:39,兴洋科技 晨光新材 恒光股份
四氯化硅,2021-08-24 15:18:14,2025-06-05 00:11:38,兴洋科技 江瀚新材 硅烷科技
预包装烘焙食品,2021-08-19 19:30:57,2025-06-05 12:04:47,徐福记 小白心里软 良品铺子
冷藏汽车,2021-08-19 19:25:29,2025-06-04 00:25:37,中集集团 江淮汽车 申华控股
冷库设备,2021-08-19 19:24:47,2025-06-05 10:23:21,雪人股份 万华化学 三花智控
速冻设备,2021-08-19 19:21:52,2025-06-04 00:25:35,雪人股份 冰山冷热 四方科技
速冻调制食品,2021-08-19 19:20:20,2025-06-05 00:11:33,鼎味泰 大希地 千味央厨
速冻米面制品,2021-08-19 19:17:21,2025-06-05 00:11:31,西贝莜面村 千味央厨 隆鑫股份
HRM,2021-08-19 19:16:40,2025-06-05 10:23:16,BrioHR Truework OnPay
SCM供应链系统,2021-08-19 19:16:07,2025-06-05 10:23:14,OnPay ServiceTitan eGym
DSP数字信号处理,2021-08-19 19:14:17,2025-06-05 00:11:26,Retym 飞斯信息 中科本原
EOS嵌入式操作系统,2021-08-19 19:13:42,2025-05-03 00:59:26,睿赛德 中科视语 丰蕾科技
EMS能量管理系统,2021-08-19 19:13:10,2025-06-05 00:11:22,国工智能 平高储能 云能魔方
MES制造执行系统,2021-08-19 19:12:35,2025-06-04 12:17:30,国工智能 格创东智 力控科技
SCADA,2021-08-19 19:12:05,2025-06-05 10:32:19,国工智能 力控科技 傲拓科技
PLC,2021-08-19 19:11:37,2025-06-05 10:32:19,中科时代 中科亿海微 傲拓科技
CAM,2021-08-19 17:45:50,2025-06-01 01:12:44,佳安智能 九韶智能 集萃华科
激光美容设备,2021-08-19 17:40:50,2025-06-01 01:12:42,易科美 雷彻科技 奇致激光
激光熔覆,2021-08-19 17:39:47,2025-05-27 01:21:35,中科煜宸 嘉强智能 玛斯特
激光打标机,2021-08-19 17:39:15,2025-06-05 00:11:10,嘉强智能 海珀科技 镭神泰克
激光焊接机,2021-08-19 17:38:01,2025-06-04 00:25:09,嘉强智能 智慧谷激光 华工大光电智能
染料激光器,2021-08-19 17:35:25,2023-10-19 02:25:38,Coherent
半导体激光器,2021-08-19 17:34:49,2025-05-31 11:59:52,云岭光电 希里斯激光 Praevium Research
光纤激光器,2021-08-19 17:33:58,2025-06-05 00:11:04,国顺激光 帕科斯激光 华日激光
YAG激光器,2021-08-19 17:32:40,2024-10-12 11:30:18,InnoLas Photonics 中国大恒 科英激光
CO2激光器,2021-08-19 17:30:49,2025-05-23 09:32:49,艾航激光 深圳锦帛方激光科技 泰德激光
碳纤维复合材料,2021-08-19 17:27:39,2025-06-05 08:41:43,苏州国宇 嘉资新材 佳力奇
碳纤维,2021-08-19 17:27:17,2025-06-05 00:10:58,博欣科技 亨睿碳纤维 盛科新材
碳纤维预浸料,2021-08-19 17:26:50,2025-06-05 00:10:56,苏州国宇 佳力奇 吉林碳谷
碳纤维织物,2021-08-19 17:26:19,2025-06-05 00:10:54,苏州国宇 佳力奇 美兰德新材
碳纤维原丝,2021-08-19 17:25:32,2025-06-05 00:10:53,长盛科技 吉林碳谷 隆炬新材料
烘焙店,2021-08-19 17:11:00,2025-06-04 00:24:53,热气饼店 招香猫 瑞可甜心
冷冻烘焙食品,2021-08-19 10:52:48,2025-06-05 00:10:51,恩喜村 千味央厨 欧福蛋业
烘焙油脂,2021-08-19 10:51:47,2025-06-05 00:10:50,立澳油脂 南侨食品 海融科技
风电场运营商,2021-08-19 10:38:52,2025-06-05 13:44:13,驰远新能源 运达股份 依兰协合
风机整机,2021-08-19 10:36:34,2025-06-05 13:44:11,运达股份 哈电风能 远景能源
风电塔筒,2021-08-18 18:54:33,2025-05-29 23:29:01,振江海风 上海电气研砼 风领新能源
风电机舱罩,2021-08-18 18:48:09,2025-05-29 00:10:35,常友科技 振江股份 正威新材
风电主轴,2021-08-18 17:35:15,2025-05-30 01:08:52,振宏股份 洛轴集团 优谷科技
基站天线,2021-08-17 17:39:27,2025-06-05 00:10:43,京信通信 虹信 曼克维
光伏系统,2021-08-13 16:28:16,2025-06-05 00:10:41,天合富家 鱼腾东科技 大恒能源
光伏电站运营,2021-08-13 15:36:04,2025-06-05 12:03:47,连云港林洋 永晖新能源 红太阳新能源
硅棒与硅锭,2021-08-13 14:36:44,2025-06-05 00:10:36,山西潞安太阳能科技 磐盟半导体 晶樱光电
风电变流器,2021-08-11 18:57:52,2025-06-05 13:43:53,通用电气 远景能源 Emerson Electric
风电齿轮箱,2021-08-11 17:16:42,2025-06-05 10:22:16,徐州赛诺过滤 华建天恒 银星能源
风电叶片,2021-08-11 16:44:03,2025-06-04 00:24:27,双瑞风电 重通成飞 时代新材
光伏组件,2021-08-10 14:37:21,2025-06-05 12:03:25,弘道新材 大正微纳 铜诚新能
光伏电池片,2021-08-09 14:30:03,2025-06-05 12:03:21,润阳股份 一道新能 炘皓新能源
光伏硅片,2021-08-06 12:37:42,2025-06-05 00:10:12,六智韬新能源 宇泽 山西潞安太阳能科技
多晶硅料,2021-08-05 14:53:45,2025-06-05 00:10:05,天瑞硅材料 中宁硅业 鑫华半导体
OK镜,2021-07-27 15:19:22,2025-06-04 20:48:52,爱博医疗 3N科技 海得视
激光设备,2021-07-02 15:06:46,2025-06-05 12:02:59,国顺激光 星辰光电 东辉装备
预调酒,2021-01-27 11:33:54,2025-06-05 10:20:04,Blue Dash 青岛啤酒 百润股份
中成药,2021-01-07 17:58:38,2025-06-05 13:41:35,贵州神农谷 三精千鹤 和黄药业
氟化工,2020-12-03 17:04:30,2025-06-05 13:41:09,太洋科技 中科希弗 詹鼎材料
超级电容,2020-11-26 15:45:59,2025-06-05 10:19:23,清研电子 绿宝石 江海股份
垃圾发电,2020-11-19 17:10:10,2025-06-05 12:00:13,敦化中能 深能环保 自贡能投
分立器件,2020-11-04 15:39:50,2025-06-05 12:00:05,中微创芯 比亚迪 派恩杰半导体
航空发动机,2020-10-16 11:19:19,2025-06-05 11:59:54,中国航发商发 千机智能 维时动力
电动物流车,2020-10-16 11:11:13,2025-06-05 15:59:40,比亚迪 新石器无人车 力帆科技
超宽带,2020-10-16 10:11:52,2025-06-05 11:59:49,驰芯半导体 睿迪纳 瀚巍创芯
激光切割机,2020-10-14 13:54:02,2025-06-05 11:59:48,圭华智能 禹工水导 嘉强智能
超硬材料,2020-09-30 14:18:45,2025-06-05 10:18:53,郑州新亚 威硬工具 新劲刚
建筑节能,2020-09-18 10:09:27,2025-06-05 00:07:00,先锋新材 华清安泰 隆昇光电
生物育种,2020-09-18 10:01:14,2025-06-05 14:24:16,先正达 金色农华 丰乐种业
锂电池电解液,2020-09-11 15:02:49,2025-06-05 11:59:32,大生新能源 千沐 航盛锂能
聚酰亚胺,2020-09-09 11:25:36,2025-06-04 08:48:40,中天胜新材 中科玖源 瑞暨新材
锂电池隔膜,2020-08-31 11:39:42,2025-06-05 15:59:15,新永拓 固纳科技 朴烯晶
动力电池,2020-08-26 11:52:34,2025-06-05 15:59:14,宁德时代 道克特斯 钰盛科技
钛白粉,2020-08-13 11:35:08,2025-06-05 11:59:11,东立科技 安宁股份 蒙达钛业
纳米银,2020-07-30 15:20:02,2025-06-01 02:47:58,一元介孔 星翰新材 睿衡新材
食药品溯源,2020-07-16 16:36:01,2025-06-04 15:34:11,易同云网 码尚科技 信息发展
电子政务,2020-07-16 15:25:40,2025-06-05 10:18:02,通办服务 南威软件 河钢数字
摄像头,2020-06-24 16:08:18,2025-06-05 13:39:23,arlo 弘景光电 观曜科技
Micro LED,2020-06-19 16:04:18,2025-06-05 11:58:21,显耀显示 Polar Light Technologies VueReal
覆铜板,2020-06-17 14:58:14,2025-06-05 00:05:38,富乐华半导体 台光电子 超华科技
PTA,2020-06-16 16:47:30,2025-06-04 00:19:24,福建石化集团 恒力石化 中国石化
3D传感器,2020-06-15 20:34:19,2025-06-05 15:20:04,鉴智机器人 中科融合 Cepton Technologies
半导体硅片,2020-06-15 15:48:05,2025-06-05 00:05:33,新美光纳米 超硅半导体 上海合晶
TWS耳机,2020-06-12 15:59:33,2025-06-05 11:58:05,芯中芯科技 艾德未来智能 绿联科技
啤酒品牌,2020-06-11 16:39:46,2025-06-05 10:17:14,劳特巴赫 汴京啤酒 青啤三环
葡萄酒品牌,2020-06-10 17:10:34,2025-06-05 00:05:22,望月石酒庄 卡斯特-张裕酿酒 川酒集团
MLCC片式多层陶瓷电容器,2020-06-10 17:02:00,2025-06-05 10:17:10,清瓷科技 志臻自动化 兴容科技
黄酒品牌,2020-06-09 15:06:43,2025-06-05 00:05:16,即墨老酒 好记酱油 会稽山
HJT电池,2020-05-29 14:13:28,2025-06-05 00:05:10,中辰昊 汉可智能 天津琏升
3D玻璃,2020-05-29 11:24:16,2025-05-30 15:57:45,迪盛智能 虹基光玻 蓝思科技
股权管理,2020-05-13 11:27:45,2025-01-07 18:45:36,易参 一心向上 Shoobx
手办,2020-05-06 11:45:02,2025-06-05 11:57:34,乐自天成 吉利玛特 御座文化
汽车动力总成,2020-04-29 10:07:05,2025-06-05 15:57:32,赛力斯汽车 臻驱科技 深蓝动力
新能源客车,2020-04-23 17:18:54,2025-06-05 13:38:27,长安凯程 金旅客车 广汽比亚迪
洁面仪,2020-04-09 16:12:42,2025-05-31 00:15:41,美图秀秀 AMIRO inFace茵菲斯
5G网络规划设计,2020-04-03 15:39:23,2025-06-03 12:23:41,中贝通信 吉大通信 天元通信
蒸汽节能技术,2020-04-01 16:41:19,2025-05-02 00:05:42,艾肯工业 安耐杰
体外诊断渠道商,2020-03-27 09:40:53,2025-06-05 13:38:18,塞力医疗 迪会信 怡丹生物
体外诊断仪器,2020-03-27 09:31:42,2025-05-31 00:15:34,晋百慧生物 迪澳基因 圣维鲲腾
调味品,2020-03-20 18:39:00,2025-06-05 10:16:29,钟老爷鲜剁辣酱 百利食品 幺麻子
基因芯片,2020-03-19 18:33:22,2025-05-26 01:41:39,Parallel Fluidics 丽纳芯 浦洛通
体外诊断综合服务商,2020-03-17 19:09:25,2025-06-05 13:38:06,邦器生物 塞力医疗 美康生物
双师课堂,2020-03-16 16:46:48,2025-06-04 00:18:14,拓课云 新东方网 竹兜育儿
生化诊断,2020-03-13 15:45:16,2025-06-05 11:57:06,西陇科学 康华股份 品峰医疗
免疫诊断,2020-03-12 19:14:09,2025-06-05 00:04:26,申基生物 中鸿特检 蔚臻生物
第三方医学诊断,2020-03-11 16:06:00,2025-06-05 00:04:24,斯坦德 艾迪康控股 安为康医学检验
企业培训,2020-01-19 16:26:24,2025-06-01 01:06:11,UMU Quix HowNow
区块链旅游,2020-01-17 09:30:19,2025-03-14 17:04:01,Chain4Travel Zamna 蜂蜜旅行
区块链评级,2020-01-08 16:25:51,2021-11-19 10:49:13,标准共识 币橙网 TokenInsight
云视频,2019-12-26 16:23:01,2025-06-05 00:04:13,新视云 爱特云翔 百家云
精准营销,2019-12-12 18:43:24,2025-06-05 00:04:09,星言云汇 Journify 维云力
IT运维,2019-12-12 14:50:55,2025-06-04 00:17:41,浪潮智联 金智维 昆钢电子
戏剧教育,2019-12-12 14:44:07,2023-10-24 01:16:22,金太阳教育 猴有戏 咘噜儿童
农村物流,2019-12-10 11:30:02,2025-06-04 15:31:46,好运鸽 汇通达网络 捷风物流
整车运输,2019-12-10 11:24:42,2025-06-05 11:56:33,Flock Freight Longhorn Transportation 兆驰供应链
市场研究咨询,2019-12-10 10:21:58,2025-06-05 10:15:44,中为咨询网(中为智研) 艾瑞咨询 零点有数
中老年社交,2019-12-05 18:41:59,2025-06-04 00:17:33,Homethrive 熟年 艺起乐
量化投资,2019-11-28 16:55:39,2025-05-26 01:40:55,爱玩特智能 惠理集团 融量科技
POS机,2019-11-28 16:42:00,2025-06-05 00:03:49,上海慧银 EdfaPay 握奇数据
围棋教育,2019-11-28 15:55:43,2021-11-19 10:49:13,葛玉宏围棋学院 爱思通 先手围棋
智慧政务,2019-11-21 18:37:19,2025-06-05 00:03:39,夸夸菁领 南威软件 识因智能
政务大数据,2019-11-21 18:31:54,2025-06-05 13:37:13,爱特云翔 金鼎科技 彩智科技
跑腿服务,2019-11-05 18:33:55,2025-06-04 13:50:50,小象跑腿 Airtasker 闪送
体育SaaS,2019-11-05 17:49:13,2025-04-26 00:06:42,迹动未来 ISNOW 乐途科技
游艇租赁,2019-11-05 17:45:45,2024-12-12 01:26:54,sunseeker Navia Yachts Boatsetter
游艇交易,2019-11-05 17:27:50,2025-05-24 01:17:55,sunseeker Ferretti法拉帝 Espadarte Group
聚合支付,2019-10-25 11:46:57,2025-05-18 00:13:39,嗨客多 环球数科 汇小宝
智能药柜,2019-10-24 19:13:40,2024-11-02 00:37:00,药便利 巨米智能 渥孚科技
CAR-T疗法,2019-10-24 17:53:19,2025-06-05 15:56:48,Kincell Bio AbClon 华夏英泰
社交电商,2019-10-18 11:36:24,2025-06-05 00:03:12,好物巴士 Flip Shop Meesho
拍照答题,2019-10-16 18:20:26,2025-05-30 01:01:27,Mathpresso Photomath 阿凡题
舞蹈教育,2019-10-16 16:22:56,2024-03-11 19:03:02,音之舞 爱舞科技 快乐芭蕾
农业SaaS,2019-10-14 18:26:15,2024-12-01 00:51:53,Agriconomie 云农服 中农信达
网约摩托车,2019-09-29 16:50:17,2024-04-11 00:42:23,Rapido Vogo Rentals Gokada
AI换脸,2019-09-25 17:05:44,2025-05-09 00:25:22,筷子科技 诗云科技 iHuman
生鲜B2B,2019-09-25 15:41:07,2025-03-07 00:38:27,KAMEREO 鲜沐农场 永辉彩食鲜
孵化器,2019-09-17 14:36:05,2025-06-05 00:03:01,投哪儿 岚泽能源 上海益好
快消品B2B,2019-09-17 11:37:50,2025-05-09 15:18:17,RedCloud Udaan 有的科技
静脉识别,2019-09-10 16:16:50,2025-05-20 00:31:55,圣点科技 脉泽科技 智慧眼
ERP,2019-09-05 18:22:08,2025-06-05 10:14:44,航材科技 Rillet Novisto
知识图谱,2019-09-05 17:59:05,2025-06-04 13:50:14,WiseCube 知因智慧 智谱AI
行为识别,2019-09-04 15:57:38,2025-06-05 11:55:23,旷视科技 银河水滴 的卢深视
医药B2B,2019-08-30 18:29:09,2025-06-04 12:08:28,通用技术辽宁医药 一块医药 医点医滴
CDN,2019-08-21 15:02:30,2025-06-05 00:02:33,算云数科 高升3 IO River
小基站,2019-08-21 14:08:34,2025-06-05 00:02:31,比科奇微电子 京信通信 Baicells佰才邦
光纤预制棒,2019-08-20 10:42:51,2025-06-04 12:08:16,烽火通信 Corning 中利
VR视频,2019-08-15 17:17:00,2025-05-27 01:12:25,VUZ 光唯文化
垂直农业,2019-08-13 18:55:23,2025-06-04 15:30:15,Oishii Farm Pinnacle Food 氨酯汀兰
物流SaaS,2019-08-07 19:00:45,2025-05-03 00:50:18,BetterFleet Qargo 心驿达
医疗SaaS,2019-08-07 18:44:12,2025-06-04 15:30:12,Axle Health Certify Health Basil Systems
私有云,2019-07-31 17:00:12,2025-06-05 03:30:51,ZStack 云交换 新致软件
宠物电商,2019-07-31 16:48:40,2025-03-08 01:41:50,易宠科技 布卡星 寻它科技
智能手表,2019-07-24 14:36:59,2025-06-05 11:54:48,UNA Watch 荣耀HONOR 城市漫步
视频招聘,2019-07-23 18:21:35,2025-05-22 01:08:35,海纳AI 近屿智能 UpSmith
燃料电池,2019-07-18 17:08:11,2025-06-05 00:02:05,镁源动力 未势能源 投特新能
主题酒店,2019-07-16 16:41:31,2025-06-05 15:16:36,书香连锁酒店 脉驰文化 亚朵酒店
商旅服务,2019-07-16 15:55:03,2025-06-05 00:02:00,金科股份 Globe All India Services Travelport
全息技术,2019-07-08 17:52:53,2025-06-04 00:15:33,VividQ 光子晶体 优立科技
化工B2B,2019-06-25 18:28:03,2025-06-02 10:52:44,找塑料网 Knowde 化学加网
金属B2B,2019-06-25 17:23:38,2025-05-30 01:00:12,找钢网 大大买钢 Marex Spectron
共享衣橱,2019-06-21 15:13:47,2025-03-14 17:01:17,Stage 3 Rent The Runway 衣库
游戏社交,2019-06-21 15:04:12,2025-04-25 00:26:51,LOScoin MonkeyBit ISKRA
职场社交,2019-06-19 18:48:11,2025-06-05 11:54:29,Ladies Who Lead 推推 Peerlist
智能消防,2019-06-14 16:27:38,2025-05-23 00:25:58,拓深科技 万志建筑 和本机电
土地流转,2019-06-13 17:57:55,2024-09-22 01:17:50,土流网 来买地 Openland
建材B2B,2019-06-06 17:07:17,2025-05-06 01:22:51,板陶速配 采筑 爱石艺
食品安全,2019-06-05 15:29:54,2025-05-29 13:27:17,腾森分析 赛泰诺 简智仪器
宠物智能硬件,2019-06-03 16:55:30,2025-05-17 00:51:55,星联未来 画法几何 硕林宠物
图片社交,2019-05-28 18:53:12,2025-06-05 15:16:11,BeReal 校花驾到 BeFake AI
健身器材,2019-05-28 18:27:14,2025-06-04 12:07:22,金史密斯 庞勃特 如泽电商
智能仓储系统,2019-05-28 14:44:51,2025-06-05 11:54:15,蓝巨人智能 中舰智能 智世机器人
翡翠交易,2019-05-24 16:29:33,2023-06-07 00:15:47,恒实 对庄 翡翠吧吧
区块链身份认证,2019-05-24 16:08:46,2024-11-11 12:09:59,Phi Protocol Icebreaker Carv
地理信息系统,2019-05-24 11:42:15,2025-06-05 15:16:04,臻善科技 天耀宏图 中地数码
植发医院,2019-05-23 14:44:47,2025-05-26 01:38:29,瑞丽诗美学植发 雍禾医疗 莱森植发
外卖平台,2019-05-23 10:31:46,2025-06-05 11:54:05,Deliveroo Grubhub 饭爽爽
旅游信息化,2019-05-22 18:10:29,2025-05-29 11:47:13,Fora Travel 携旅信息 旗天科技
种子行业,2019-05-21 18:40:51,2025-06-05 14:20:52,台州农资 袁粮水稻 德瑞特种业
云存储,2019-05-21 11:35:47,2025-06-05 11:53:55,邯郸云计算 ArcaStream ZStack
团建服务,2019-05-20 15:16:49,2024-09-20 00:01:55,禾沐文化 Cloverleaf.me Perfect Venue
服装定制,2019-05-16 16:23:13,2025-05-21 00:01:28,UNMADE 丹宁定制 易改衣
数据标注,2019-05-15 18:15:18,2025-06-05 00:00:56,博登智能 Snorkel AI 景联文科技
农业大数据,2019-05-15 17:45:15,2025-05-27 01:11:01,麦港数据 爱科农 农信数智
电动滑板,2019-05-09 17:43:06,2025-06-04 00:14:31,赛奎鹰智能 英凡蒂Invanti 乐行天下
智能牙刷,2019-05-09 17:38:43,2025-03-22 00:17:44,EVOWERA Oclean欧可林 罗曼智能
石墨烯,2019-05-07 15:46:23,2025-06-04 00:14:28,2D Photonics 天奈科技 CamGraPhIC
Vlog,2019-04-28 17:22:15,2025-06-05 00:00:27,快手 VUE跃然纸上 小影科技
眼科,2019-04-26 16:37:50,2025-06-05 00:00:26,Spyglass Ophthalmics Optegra 维眸生物
游戏资产交易,2019-04-24 15:15:42,2025-05-31 15:08:21,C5电竞 TCGplayer Haste Arcade
旅游体验平台,2019-04-24 10:47:46,2025-04-15 10:36:03,Klook客路 KKday Goodwings
酵素制品,2019-04-18 17:19:57,2025-06-04 07:02:55,佳成生物 柚香谷 晶叶
智能照明,2019-03-20 18:17:32,2025-06-04 20:39:38,斯凯蒙太阳能 榜威 格兰斯贝
IDC,2019-03-12 15:51:21,2025-06-05 01:42:12,爱特云翔 易普集 德衡数据
上门医护服务,2019-03-12 15:01:31,2024-01-23 05:16:42,社区580 医护到家 Heal
汽车轻量化,2019-03-08 15:30:07,2025-06-05 11:52:56,星波动力 福建祥鑫 轻量科技
车载导航,2019-03-08 15:17:10,2025-06-05 15:14:47,极豆科技 志趋汽车 美行科技
ECU电子控制单元,2019-03-08 09:03:57,2025-06-01 11:00:21,硅山技术 美均电子 科亿国际
自动变速器,2019-03-07 18:29:03,2025-06-04 00:13:42,丰川动力 山子高科 绿传汽车
安全气囊,2019-03-07 15:33:19,2025-06-05 11:52:49,山子高科 航鹏化学动力 均胜电子
EGR废气再循环控制,2019-03-01 16:36:49,2025-06-05 01:41:58,腾龙股份 Tenneco Magneti Marelli
ESP电子稳定系统,2019-03-01 08:58:15,2025-06-03 00:22:12,Delphi 博世 亚太股份
锂矿,2019-02-28 14:01:11,2025-06-05 01:41:52,Patriot Battery Metals Lilac Solutions Liontown
智能交互,2019-02-26 15:04:43,2025-06-05 15:14:33,傲意科技 Nolo VR 思必驰
云测试,2019-02-19 16:31:09,2025-05-29 20:02:58,Eppo Launchable 泛联新安
电商代运营,2019-02-14 16:46:51,2025-06-05 11:52:35,网营科技 淘通科技 大麦电商
民营幼儿园,2019-01-31 17:34:53,2025-06-05 13:33:42,秀强股份 金宝贝启蒙 悦宝园
早教机,2019-01-31 17:01:04,2025-06-03 23:17:06,牛听听 读书郎 凯叔讲故事
儿童智能穿戴,2019-01-31 16:57:31,2025-04-15 01:16:30,城市漫步 研强物联 凌拓通信
家园互通产品,2019-01-31 15:09:44,2025-05-30 00:58:11,掌心宝贝 Brightwheel 壹点壹滴
开源云服务,2019-01-29 16:57:32,2025-06-01 01:02:01,ZStack 北京天云趋势科技 BoCloud博云
电信运营商,2019-01-29 16:04:06,2025-06-05 01:41:38,Sunrise Communications Telefónica Family Zone
会展服务,2019-01-23 18:28:24,2025-06-04 10:22:32,31会议 灵硕集团 雄鹰展览
商业智能BI,2019-01-22 17:45:48,2025-06-05 15:14:17,船长BI TSOLife Athenic AI
呼叫中心,2019-01-22 11:10:09,2025-05-10 01:06:43,声通科技 DXwand Numeracle
智能电视,2019-01-21 18:42:38,2025-06-05 11:52:21,荣耀HONOR Vizio 微鲸科技
智能导购,2019-01-10 19:03:19,2024-12-27 10:52:53,云享智慧 智能一点
旅行管家,2018-12-27 16:57:48,2023-07-18 01:28:54,青年黑卡 游心旅行 沁游假期
物联网安全,2018-12-27 14:45:58,2025-06-05 01:41:27,世纪先承 纽创信安 零感网御
智能耳机,2018-12-27 14:37:27,2025-06-04 00:13:08,艾德未来智能 声临奇境 维亚姆
共享电瓶,2018-12-26 18:10:47,2025-05-31 00:09:05,宇谷科技 嘟嘟换电 安屯尼智慧换电
公共急救教育,2018-12-26 17:10:08,2022-04-11 00:24:26,合恩医疗 赫特健康 first re
儿童音频,2018-12-25 16:52:22,2025-06-03 23:16:42,企鹅童话 唱道 喜猫儿故事
智能洗车,2018-12-24 14:45:56,2024-04-03 01:51:24,超级象 团洗洗车 车海洋
民宿预订,2018-12-21 10:06:31,2025-06-05 06:50:38,途乐美寓 一尺之间 未来好宿
家居S2B2C平台,2018-12-21 09:53:34,2024-05-21 12:36:11,恒腾材料商城 蚁安居 中装速配
商用车车联网,2018-12-20 10:00:31,2025-05-20 00:28:20,恒领科技 崇玖物联 中交兴路
健身房SaaS,2018-12-14 16:11:45,2023-05-15 00:55:12,乐途科技 Kismart 炼了么
背景调查,2018-12-14 16:05:42,2024-09-10 13:30:41,Capsa AI 凯莱德 职信网
婚恋社交,2018-12-14 14:34:46,2025-04-05 00:20:46,橙心橙意 码甲科技 孔唯唯婚恋
电商SaaS,2018-12-14 11:40:49,2025-06-05 15:54:27,船长BI 数云 scnd
电梯楼宇广告,2018-12-13 15:30:01,2025-06-05 01:40:59,新潮传媒 新再灵科技 新天杰
摄像头模组测试,2018-12-07 19:00:25,2025-05-28 00:40:03,艾微视 广浩捷
儿童绘本,2018-12-06 18:38:36,2025-06-03 23:16:34,企鹅童话 瑞光红枫 唱道
在线启蒙英语,2018-12-06 17:24:36,2025-04-08 00:15:44,Lingumi PlanetSpark 葡萄英语
肉夹馍连锁品牌,2018-12-06 14:07:01,2024-10-11 13:55:18,西少爷 魏家餐饮 京腔调
声纹识别,2018-12-06 11:06:45,2025-05-06 01:20:22,联丰迅声 驰声科技 声扬科技
文本分析,2018-12-06 10:57:41,2025-05-22 01:05:39,庖丁科技 PlantData 森亿智能
环保包装,2018-12-05 19:15:04,2025-05-27 01:08:52,箱箱共用 铭丰股份 Fibmold Packaging
商业WiFi,2018-12-05 16:14:53,2025-06-03 00:21:11,迈外迪 觅智云 国动集团
社区诊所,2018-12-04 10:41:01,2025-05-01 00:49:33,MDaaS Global 唯爱康 优护家
共享巴士,2018-11-30 15:29:47,2024-10-29 00:27:17,彩虹巴士 智搭车 Shuttl
行李寄存,2018-11-19 16:55:26,2022-02-24 01:22:48,米存科技 Stasher Vertoe
PTE考试培训,2018-11-19 15:27:49,2023-12-14 02:11:13,羊驼教育
服装订阅,2018-11-15 17:44:28,2024-09-21 00:35:26,锦衣盒 秘盒幻想曲 垂衣
室内定位,2018-11-13 10:58:56,2025-06-05 10:10:53,汇纳科技 千寻位置 星网云联
乡村旅游,2018-11-07 10:29:57,2025-06-04 15:26:33,兴文农文旅集团 中城幸福文旅 隐居乡里
财税SaaS,2018-11-05 15:56:33,2025-05-29 16:41:48,Venn Software Integral Services 慧穗数字
智能马桶,2018-11-05 15:50:49,2025-06-05 06:49:48,特洁尔 玫瑰岛 固源医疗
AGV,2018-11-02 10:15:24,2025-05-31 11:47:35,蓝巨人智能 朗誉机器人 华沿机器人
农业保险,2018-11-01 10:22:26,2025-06-05 11:51:14,小康农服 锦泰保险 中航安盟
污水处理,2018-11-01 09:56:55,2025-06-05 06:49:43,佳宇环保 金风环保 美辰环保
机器人编程,2018-10-31 16:51:03,2025-05-28 00:39:16,史河科技 派呦科技 鲸鱼机器人
动力电池回收,2018-10-31 15:18:28,2025-06-05 11:51:04,博萃循环 金泰阁钴业 赣州豪鹏
汽车新零售,2018-10-30 15:08:40,2025-06-05 11:51:02,英矽智能 蔚车 花生好车
智能导游,2018-10-29 17:17:29,2025-06-03 00:20:24,风景网 怡然之旅 侣程科技
格斗健身,2018-10-29 17:02:16,2025-04-25 00:23:31,Alta Global Group 24Kick 鑫度武术
数控机床,2018-10-25 15:15:57,2025-06-05 11:50:50,原点智能 钶锐锶 智刃多维
预约挂号,2018-10-23 14:07:42,2025-05-08 01:13:03,好大夫在线 HD Top Doctors
慢病管理,2018-10-23 13:54:33,2025-06-03 22:29:17,Hinge Health 东泽医疗 哈瑞特
患者管理,2018-10-23 11:22:04,2025-06-03 22:29:15,瑞尔唯康 PatientPartner R1 RCM
互联网医院,2018-10-23 10:05:34,2025-05-28 00:38:29,东软熙康 长安医院 CLIVI
溅射靶材,2018-10-23 09:59:48,2025-06-05 01:39:15,映日科技 壹纳光电 智隆新材
医学检验实验室,2018-10-23 09:54:28,2025-06-05 01:39:12,艾信智慧 徐州医大医学检验实验室 艾迪康控股
康复医疗中心,2018-10-22 15:57:08,2025-02-27 09:35:30,泰心康护 长和天城 树康医疗科技集团
血液透析中心,2018-10-22 15:54:41,2025-05-29 01:37:56,达康医疗 云州血液 凯尔锐肾内科医生集团
场馆运营,2018-10-18 11:30:22,2025-04-30 11:33:12,球秀体育 国育芊健 豆豆台球
家居电商,2018-10-18 11:13:09,2025-06-05 01:39:07,Ariika 住范儿 Pepperfry
健康体检中心,2018-10-17 14:51:57,2025-06-05 11:50:07,福建美兆医疗 美兆健康体检 南京美兆健康管理
工程咨询,2018-10-17 10:50:19,2025-06-05 10:09:28,华咨咨询 中铁设计 中国瑞林
上门洗车,2018-10-16 11:34:22,2024-12-09 16:52:06,团洗洗车 点点达洗车 懒精灵
奢侈品养护,2018-10-16 10:49:43,2025-03-01 00:56:11,寺库 胖虎网 包大师
文件快传,2018-10-15 15:20:50,2025-04-16 00:30:16,WeTransfer 茄子快传 闪传
美发连锁品牌,2018-10-15 14:49:52,2024-05-04 01:05:42,东田时尚 优剪生活 星客多快剪
母婴护理,2018-10-11 10:27:13,2025-05-29 01:37:45,丝宝护理 生啦同城 JEAN锦恩健康
药店管理SaaS,2018-10-11 10:20:49,2025-06-04 12:03:02,中医智药 SmithRx 万序健康
在线作业批改,2018-10-08 18:16:02,2025-05-03 00:45:08,蓝墨科技 极智批改 猿辅导
情趣社交,2018-10-08 14:46:27,2024-02-12 00:02:53,稀有圈 小爱链AIF Peach陪趣
潮牌,2018-09-29 16:20:14,2025-04-17 01:43:34,Supreme Champion XRules
签证办理,2018-09-29 10:28:28,2025-04-06 00:40:19,闪电签 熊猫签证 Viselio
一站式家装,2018-09-28 18:12:15,2025-05-30 00:55:34,绘一科技 有屋智能 美狐科技
情商教育,2018-09-21 14:00:23,2025-03-14 16:55:53,铅笔头 爱上情商网 一可童学情商教育
付费问答,2018-09-20 14:08:22,2025-06-05 01:38:43,前辈 知乎 悟空问答
留学生租房,2018-09-19 14:34:41,2025-04-27 00:25:12,Chapter 异乡好居 Stanza Living
在线K歌,2018-09-19 14:08:14,2025-06-04 23:56:43,极致唱响 全民K歌
智能睡眠产品,2018-09-18 14:27:05,2025-06-04 10:19:47,伟晴大健康 ŌURA 数智医疗
美业SaaS,2018-09-18 14:01:24,2025-05-12 01:15:54,Mangomint GlossGenius 一禾美云
中老年短视频,2018-09-17 15:19:34,2024-04-10 06:13:14,锦视 糖豆广场舞 友乐
艺术品电商,2018-09-14 11:19:29,2025-03-14 16:55:47,艺团儿 Exactly.ai 华莺文创
旅游分期,2018-09-13 14:06:55,2025-03-14 16:55:45,UpLift 首付游 Fly Now Pay Later
宠物美容,2018-09-13 14:02:57,2025-03-19 00:34:20,宠吖泡泡馆 Sploot 宠物家
气象大数据,2018-09-12 10:36:48,2025-05-02 01:38:36,Meteomatics 云遥宇航 弘象科技
农业供应链金融,2018-09-11 11:44:40,2024-04-23 18:35:31,左岸芯慧 光谷金信 众农联
国学教育,2018-09-11 11:32:13,2024-09-11 02:13:51,毓华堂 秦汉胡同 芝课
虚拟试衣,2018-09-10 14:56:33,2025-05-27 01:06:35,Doji DeepAR 颜创AI
网咖品牌,2018-09-05 10:53:51,2023-06-21 00:38:28,杰拉网咖 魔杰电竞 网鱼网咖
IP衍生品,2018-09-05 10:35:00,2025-06-05 15:11:21,乐自天成 吉利玛特 Letsvan
电竞博彩,2018-09-04 16:15:32,2022-12-17 12:02:26,Players’ Lounge 竞技菠菜
电竞媒体,2018-09-04 11:00:24,2025-03-14 16:55:31,明日世界 新浪电竞 伐木累
电竞场馆,2018-09-03 14:12:55,2025-03-14 16:55:30,钛度电竞教育 绿树电竞 竞界电竞
格斗机器人,2018-08-31 10:59:36,2023-06-04 00:21:36,工匠社 乐森机器人 丁责电子
母婴电商,2018-08-31 10:44:55,2025-05-29 01:37:12,两只兔子 All Things Baby 乐友国际
情感电台,2018-08-30 11:47:18,2024-03-23 03:27:12,程一电台 夜听 情咖
电竞内容制作,2018-08-30 11:40:17,2025-06-03 15:40:05,NODWIN Gaming ImbaTV 英雄体育VSPO
农产品配送,2018-08-29 14:35:50,2025-04-24 00:55:11,KisanKonnect 去吧看看 乐禾食品
汤品品牌,2018-08-27 17:05:02,2024-04-06 12:11:04,汤先生 吃个汤 Pacific Foods
器官移植,2018-08-27 14:08:35,2025-03-26 00:59:33,Egenesis 启函生物 Ossium Health
移动数据分析,2018-08-24 17:56:38,2025-06-03 00:18:42,Data.ai 蝉大师 艾瑞咨询
小程序工具,2018-08-24 11:05:11,2025-05-31 05:11:47,怪兽充电 街电 首展科技
共享厨房,2018-08-23 15:59:25,2024-05-24 18:38:04,食云集 Speed Kitchen Kitchen United
小程序社交,2018-08-23 10:46:21,2024-11-07 00:31:05,谈校间 宠咖秀 群接龙
小程序商店,2018-08-21 18:19:56,2025-03-14 16:55:12,小推荐 魔力橙 极乐store
保险经纪,2018-08-20 14:08:17,2025-06-04 00:09:53,东方大地 Bolttech Assured Partners
NFC果汁,2018-08-16 18:25:54,2025-05-31 11:45:30,柠檬共和国 斐素果汁 Appol
小儿推拿,2018-08-16 10:50:50,2023-07-03 16:21:08,百子轩 宜生到家 通透堂
试管婴儿,2018-08-15 11:03:20,2025-04-19 01:35:21,TMRW 武汉同济 Kindbody
体育营养品,2018-08-15 10:53:57,2025-05-28 00:37:13,康比特 Fullife Healthcare LemonBox
留学考试培训,2018-08-13 14:21:07,2025-05-03 00:44:14,中联合众 羊驼教育 大脸法语
辅助生殖,2018-08-10 10:57:30,2025-05-29 01:36:46,运世达医疗 韦拓生物 Baibys
蛋糕品牌,2018-08-02 11:04:58,2025-06-04 00:09:35,轩妈食品 柒溪河 幸福西饼
家政保洁,2018-07-31 16:03:41,2025-05-30 12:29:15,良品匠人 力奇服务 管家来了
青少年艺术教育,2018-07-27 17:19:34,2024-12-13 00:32:45,尼采美术 成人之美 Solo音乐
K12微课平台,2018-07-26 19:48:41,2025-02-01 00:35:13,爱学堂 洋葱学院 学渣乐园
K12网校,2018-07-26 18:54:57,2025-06-04 00:09:27,Byju's 新东方网 掌门教育
K12上门辅导,2018-07-26 15:49:16,2025-06-04 00:09:25,疯狂老师 高途集团 轻轻教育
游学服务,2018-07-26 14:37:20,2025-06-05 01:37:34,探知游学 康泰旅行社 世纪明德
白酒品牌,2018-07-20 00:03:13,2025-06-05 11:48:38,天府金盆地 河套酒业 西凤酒
汽车违章查询,2018-07-19 10:19:54,2025-01-18 01:33:24,行云天下 五八汽车 微车
冷链配送,2018-07-17 10:34:07,2025-05-29 11:41:53,冻品在线 中健云康 普冷国际
冷链仓库,2018-07-17 10:31:06,2025-05-29 11:41:52,山苍水润 生生物流 万泽冷链
宠物交易,2018-07-12 11:36:17,2025-05-30 15:48:52,猫王谷 六毛宠物 米乐乖乖
智能手环,2018-07-11 10:58:27,2025-05-27 09:26:45,瑞尔唯康 魔样科技 远峰科技
支付技术支持,2018-07-09 20:21:18,2025-05-30 00:53:56,Paytrix PayToMe.co Stitch
短视频聚合平台,2018-07-09 20:21:18,2024-12-27 01:14:50,梨视频 二更 好兔视频
租房信息平台,2018-07-09 20:21:18,2025-05-30 00:53:52,人科科技 The Freebird Club 小鹅笙活
VRAR早教产品,2018-07-09 20:21:18,2024-12-19 00:08:04,zSpace 映墨科技 格如灵科技
生鲜连锁,2018-07-09 20:21:18,2025-06-03 19:03:43,丹雀小满 三个国 苏鲜生
保险定制,2018-07-09 20:21:18,2025-06-04 00:08:48,致保科技 蜗牛保险 长江财险
女性社交,2018-07-09 20:21:18,2023-07-07 14:44:56,Supergreat Walsea 甜味陪伴
甜品店,2018-07-09 20:21:18,2025-06-05 05:07:04,艾莱发喜 膳梨堂 Tim Hortons中国
司法考试,2018-07-09 20:21:18,2025-05-28 00:36:12,粉笔 导氮教育 瑞达法考
商业摄影,2018-07-09 20:21:18,2025-03-14 16:53:51,谱时 UPHOTO优拍云 盘子女人坊
基金理财,2018-07-09 20:21:18,2025-06-04 18:49:43,凤凰财富基金 中诚信指数 中植基金
偶像团体,2018-07-09 20:21:18,2025-05-07 00:23:09,哇唧唧哇 麦锐娱乐 丝芭文化
硬装,2018-07-09 20:21:18,2025-05-07 00:23:01,三维家 品宅装饰科技 东易日盛
汽车维修保养,2018-07-09 20:21:18,2025-06-05 01:36:41,华奥安心 路易师傅 大昌汽车
新能源汽车电池组,2018-07-09 20:21:18,2025-06-05 15:52:25,宁德时代 孚能科技 重塑能源
在线一对一教育,2018-07-09 20:21:18,2025-04-02 01:07:46,YIYI英语 家有学霸 MyTutor
家政维修,2018-07-09 20:21:18,2025-05-30 12:28:13,益鸟维修 Honey Homes 十分到家
礼品电商,2018-07-09 20:21:18,2025-01-07 00:19:25,Snappy Gifts 兜礼福利 Zest.
赛事IP,2018-07-09 20:21:18,2025-04-08 00:11:05,东方军冠 波动体育 根尖体育
美妆电商,2018-07-09 20:21:18,2025-05-31 11:44:06,谷雨 BuyEazzy Konvy.com
医疗耗材,2018-07-09 20:21:18,2025-06-05 01:36:26,华科润生物 爱博医疗 瑞辅达
搬运机器人,2018-07-09 20:21:18,2025-06-05 01:36:17,同川精密 智赢装备 劢微机器人
财经媒体,2018-07-09 20:21:18,2025-06-04 20:34:06,云掌财经 财中社 《中国企业报》集团
酒店管理系统,2018-07-09 20:21:18,2025-06-01 00:57:12,来住科技 SuiteOp 汇智国际旅游
社群电商,2018-07-09 20:21:18,2025-03-28 00:56:52,天合云商 普乐电商 有好东西
通信芯片,2018-07-09 20:21:18,2025-06-05 11:47:17,景略半导体 微宇天导 老鹰半导体
奢侈品品牌,2018-07-09 20:21:18,2025-06-05 11:47:10,Versace The Row Bally
外卖品牌,2018-07-09 20:21:18,2024-05-20 18:39:42,Entrée 饭乎 咚吃
早教产品内容,2018-07-09 20:21:18,2025-06-05 13:28:19,企鹅童话 布鲁可 盘达学趣
粉丝社区,2018-07-09 20:21:18,2025-02-26 19:04:19,"Amplify World Rivet,Inc. Gaudiy"
汽车媒体,2018-07-09 20:21:18,2025-05-01 00:44:32,AutoKol 车叫兽 玩车教授
用户行为分析,2018-07-09 20:21:18,2025-04-26 01:41:00,WalkMe Cookie3 Meiro
共享停车,2018-07-09 20:21:18,2025-03-14 16:52:30,中科慧居 Airparking ParkBee
教育测评,2018-07-09 20:21:18,2025-05-31 11:43:22,暗物智能 中教畅享 Pivot.Inc
AR游戏,2018-07-09 20:21:18,2025-06-04 00:07:31,致敬未知 zSpace MeLeap
宠物社交,2018-07-09 20:21:18,2025-05-17 00:44:17,宠会说 它布斯 宠胖胖
医药批发,2018-07-09 20:21:18,2025-06-05 00:06:02,广州医药 海欣医药 南北医药
MOOC,2018-07-09 20:21:18,2025-04-12 01:23:05,优慕课 edX Coursera
电力供应,2018-07-09 20:21:18,2025-06-05 13:28:05,Satakunta Energy TXNM Energy Base Power
医药零售,2018-07-09 20:21:18,2025-06-05 01:35:24,龙一医药 海华医药 扬祖惠民
区块链行情,2018-07-09 16:32:06,2025-05-20 00:22:39,搜搜比特币 TwitterScan ThePrimedia
区块链媒体社区,2018-07-09 16:22:56,2025-04-13 00:13:43,MetaEra TwitterScan Capsule Social
测序耗材试剂研发,2018-06-27 10:50:05,2025-06-03 00:15:46,浦洛通 Illumina 亿康基因
基因检测跨境医疗,2018-06-27 10:39:16,2023-12-26 01:37:14,盛诺一家 优鲸健康 悦生跨境医疗
生殖生育诊断,2018-06-26 17:44:14,2025-06-03 00:15:44,亿康基因 元码基因 壹基因
遗传病诊断,2018-06-26 17:38:46,2025-06-03 00:15:42,西湖维泰 Mendelian 博奥晶典
基因数据处理,2018-06-25 16:05:25,2025-05-22 01:00:10,赛福基因 Genedock聚道科技 基云惠康
消费级基因检测,2018-06-25 14:36:59,2025-05-31 00:02:05,Mirxes觅瑞 阅尔基因 各色DNA
基因测序设备研发,2018-06-22 17:21:47,2025-06-05 01:34:50,真迈生物 今是科技 Illumina
肿瘤免疫治疗,2018-06-22 10:50:40,2025-06-05 11:46:14,原能细胞 华夏英泰 泛恩生物
足彩大数据,2018-06-12 11:04:18,2023-09-16 01:55:36,足球魔方 足彩圈 DS足球
动物育种,2018-06-06 10:30:18,2025-06-03 00:15:16,金硕园 分子标记 和康源
VR软件技术服务商,2018-06-01 10:31:44,2025-06-03 00:15:10,Zappar 看到科技 Marxent
手势识别,2018-06-01 10:24:57,2025-05-29 01:33:35,PopID 傲意科技 诠视科技
体感交互,2018-05-31 17:40:21,2025-06-05 15:07:24,傲意科技 Nolo VR STEPVR
3D扫描,2018-05-31 10:26:06,2024-12-26 01:17:05,Matterport 知象光电 Mimetrik
VR音频,2018-05-31 10:16:49,2021-11-19 10:49:13,时代拓灵 Dirac Research Dysonics
VR学车,2018-05-30 17:19:31,2024-12-17 00:45:45,千种幻影 派学车 盗梦科技
VR直播,2018-05-30 10:17:02,2025-04-27 00:21:18,嘀拍科技 猫眼视觉 看到科技
VR教育,2018-05-29 11:24:33,2025-05-28 00:33:42,平行云 zSpace Moonhub
VR输入设备,2018-05-28 10:53:44,2025-04-30 01:28:21,Nibiru 燧光 诺亦腾
VR眼镜盒子,2018-05-28 10:10:31,2025-06-03 00:14:57,小派科技 大朋VR 映墨科技
VR内容分发平台,2018-05-25 14:24:43,2025-05-22 00:59:28,理想境界 Wevr 维魔科技
区块链支付,2018-05-24 16:35:57,2025-04-17 01:38:02,Paytrix Lyzi 圆币科技
VR社交,2018-05-24 10:59:48,2025-05-23 00:16:58,cluster 波粒子 Oasis
VR媒体,2018-05-23 11:10:31,2025-06-04 00:06:03,时间网络 游戏陀螺 VRFocus
VR一体机,2018-05-22 15:02:34,2025-06-03 00:14:49,Nolo VR 大朋VR 微鲸科技
VR头显,2018-05-22 09:41:50,2025-06-05 01:34:06,傲雪睿视 Nolo VR FOVE
高空机器人,2018-05-18 14:01:54,2025-04-11 11:38:56,史河科技 量子智能 埃欧珞
公有链,2018-05-15 14:39:37,2025-05-23 00:16:35,ID星球 BFMeta 以太坊
区块链法律服务,2018-05-15 13:45:45,2025-06-05 03:19:36,商债通科技 爱签科技 纸贵科技
青少年体育培训,2018-05-11 16:09:16,2025-05-14 01:38:04,维珍体育 快乐小马 体能虎
K12题库,2018-05-11 09:50:56,2025-05-30 00:50:39,Toppr 学小易 作业帮
景区运营,2018-05-10 14:03:19,2025-06-05 11:45:06,海昌海洋公园 茗岭窑湖 茯茶镇
K12线下机构,2018-05-07 10:50:11,2025-05-22 00:58:44,Zenith Learning Group 龙文教育 平行线教育
UBI车险,2018-05-04 08:51:49,2025-03-01 00:49:32,路比车险 车卫士 智驾科技
智能征信,2018-05-03 19:43:07,2025-05-29 18:15:58,算话智能 通付盾 中数智汇
移动支付,2018-04-25 09:45:56,2025-06-05 01:33:15,比捷科技 Ualá Satispay
VR影视制作,2018-04-24 09:31:00,2025-06-04 10:14:27,嘀拍科技 光唯文化
机器人零部件,2018-04-23 17:44:58,2025-06-05 15:50:38,同川精密 凯蒂亚半导体 国华智能
工业大数据,2018-04-23 11:21:16,2025-06-04 23:51:23,天泽智云 力控科技 青鸟工业
传统汽车制造,2018-04-12 18:44:15,2025-06-05 15:06:01,北京现代 一汽解放 一汽奔腾
水下机器人,2018-04-12 16:58:27,2025-05-31 01:45:18,世航智能 山东未来机器人 泊展科技
低速自动驾驶,2018-04-12 14:05:44,2025-06-05 08:23:06,超级飞驼 极目行远 追势科技
家居家纺,2018-04-11 10:10:30,2025-06-05 01:32:56,梦洁股份 小日子窗帘 尚品宅配
房屋短租平台,2018-04-11 10:08:45,2025-05-30 10:46:55,Hostaway Checkmyguest Travelio
VR旅游,2018-04-03 17:27:29,2023-11-06 16:46:51,优立科技 方田科技 Giraffe360
招聘平台,2018-04-02 11:28:02,2025-06-03 13:52:46,Ribbon.ai OptimHire Turing
区块链防伪溯源,2018-03-27 16:44:04,2025-06-04 19:22:55,Verofax 纸贵科技 Circularise
区块链供应链管理,2018-03-27 16:10:48,2024-05-01 00:27:21,VeriTX Provenance 图灵奇点
BaaS,2018-03-27 16:10:27,2025-04-01 00:14:49,辰宝 好扑 BlockApps
区块链解决方案,2018-03-27 16:10:10,2025-04-17 01:35:59,曜境 AlloyX Pond
区块链底层平台,2018-03-27 16:07:02,2025-05-23 00:15:23,Tether Auradine Solana
云算力,2018-03-27 16:06:44,2025-05-22 00:57:48,Vultr 芯向荣 元算力
区块链硬件,2018-03-27 16:05:59,2025-06-04 10:13:49,嘉楠耘智 亿邦国际 Qarnot
区块链浏览器,2018-03-27 16:05:37,2025-05-30 17:23:40,Donut Labs Blockscout Solscan
DAPP,2018-03-27 16:05:15,2025-03-14 16:48:45,Pontem Network BlockNews ALEX
ICO服务,2018-03-27 16:04:46,2025-04-16 00:22:55,Galaxy Digital tZero Longroot
数字货币场外交易,2018-03-27 16:04:12,2025-06-04 10:13:47,STIX Digitra.com BitMart
数字资产管理,2018-03-27 16:02:33,2025-05-28 00:31:50,Fuze Neutrl Mesh
殡葬服务,2018-03-26 16:54:09,2025-06-01 00:53:48,Empathy 怀恩生命 意生宠物
VR家装,2018-03-26 09:40:02,2025-05-15 00:51:12,满屋研选 Collov 瑞悦装饰
数字货币量化投资,2018-03-23 11:49:08,2023-01-18 01:31:23,火币网 Rcash
机械臂,2018-03-22 18:18:27,2025-06-04 11:56:21,凯蒂亚半导体 史河科技 UFACTORY
智能路由器,2018-03-21 14:45:43,2025-06-05 01:32:26,桂花网 苗米科技 360安全路由
矿池,2018-03-19 10:08:48,2025-04-04 01:20:39,BitDeer Mummolin 币印矿池
小程序应用,2018-03-16 14:34:57,2025-03-14 16:48:31,深圳通 元气动态 森林科技
高精度地图,2018-03-11 17:27:42,2025-06-05 15:05:16,宽凳科技 Poly Explore 易方智慧
自动驾驶模拟仿真,2018-03-11 17:13:35,2025-06-05 01:32:22,轻舟智航 极佳视界 Trace Machina
高精度GNSS,2018-03-11 16:50:13,2025-06-03 00:12:57,天硕导航 代数律动 联适技术
智能音箱,2018-03-07 10:26:26,2025-06-03 13:52:09,乐韵瑞 MORROR ART 猎户星空
空气净化器,2018-03-07 10:25:20,2025-06-04 00:03:56,贝昂智能 Airverclean 斗禾科技
电竞培训,2018-03-06 17:33:30,2024-04-30 03:40:05,钛度电竞教育 阿罗哈文化 天天电竞
智能投影仪,2018-03-06 09:42:58,2025-06-05 11:43:27,海翼智新 中视迪威 中航国画
自适应学习,2018-03-05 10:45:02,2025-04-26 01:37:13,Futura 爱易佰 ZuAI
艺考服务,2018-03-02 18:04:33,2021-11-19 10:49:13,赞象文化 非凡教育 艺满分
手机租赁平台,2018-02-28 17:49:11,2025-06-05 11:43:21,人人租 拿趣用 厚厚文化
宠物寄养,2018-02-28 09:54:32,2025-03-08 01:27:02,Pilton宠尔顿 宠物家 Snouters
导购电商,2018-02-09 16:34:38,2025-06-05 01:31:56,YUKI动漫 识货网 蜂云时代
血液制品,2018-01-29 12:25:41,2025-06-05 01:31:51,南岳生物 丹霞生物 中原瑞德
区块链文娱,2018-01-29 11:31:40,2025-06-05 01:31:49,T-Rex Fireverse Mocaverse
HIS系统,2018-01-24 09:53:21,2025-06-05 01:31:48,联影智元 华卓科技 捷讯通
医生集团,2018-01-22 15:20:22,2025-06-04 15:18:03,哈特瑞姆 凯尔锐肾内科医生集团 锦奇医疗
在线汉语学习平台,2018-01-18 14:34:37,2025-05-02 01:31:32,Kelly's Education 悟空中文 LingoAce
智能合约,2018-01-17 17:17:00,2025-03-20 00:22:27,Ithaca Protocol Vixichain Gelato Network
区块链物联网,2018-01-17 16:30:26,2025-06-05 01:31:37,XAIN Group MXC Knobs
区块链能源,2018-01-17 16:25:34,2025-04-09 00:46:00,华大天元 兴创能源 祺鲲科技
区块链保险,2018-01-17 16:22:50,2025-03-14 16:47:26,医结 Vitraya B3i
区块链游戏服务,2018-01-17 16:05:01,2025-05-23 11:55:42,ARAI Ultra Ultra.IO
区块链版权,2018-01-17 15:52:05,2025-06-05 01:31:34,文潮集市 Story Protocol Paragraph
区块链医疗,2018-01-17 15:46:06,2025-05-28 00:30:46,Lyfegen BIO Protocol Gene Data
智能行李箱,2018-01-10 14:02:36,2025-01-02 00:18:51,灵动科技 呼呼小贝 Away
电子病历,2018-01-09 17:23:15,2024-12-30 00:09:07,Akido Labs StrataPT Bright.md
电竞社交,2018-01-08 15:59:21,2024-03-27 18:42:05,伐木累 Framerate 玩家档案
康复机器人,2018-01-08 15:04:14,2025-06-05 15:04:07,傅利叶智能 卓道医疗 海压特智能
直播答题,2018-01-08 11:10:24,2024-07-26 00:58:11,KK直播 花椒直播 HQ Trivia
鲜花电商,2018-01-05 10:27:43,2025-04-25 00:15:07,花语云仓 花伍科技 花点时间
智能插座,2018-01-04 14:23:55,2024-12-09 01:33:56,UIOT超级智慧家 Reco4Life 华固电子
汽车融资租赁,2018-01-04 10:47:07,2025-06-04 16:59:03,Alt Mobility 地上铁 广汽租赁
H5游戏,2018-01-03 09:44:08,2025-05-28 00:30:14,指舞飞游 梦启科技 三七互娱
国际转运,2018-01-02 09:44:21,2025-05-27 00:58:30,中物储国际货运 义达跨境 新欧达国际
共享按摩椅,2017-12-26 15:52:17,2025-02-17 00:42:53,头等舱互联 摩摩哒 云享云
网络拍卖,2017-12-25 18:01:34,2025-05-16 01:33:37,优信拍 Mercado Libre 掌上益拍
军用无人机,2017-12-25 17:24:27,2025-06-03 13:50:50,因诺航空 德智航创 Shield AI
廉价航空公司,2017-12-25 14:20:20,2025-06-03 00:11:32,春秋航空 Spirit Airlines Air Asia
智能情趣用品,2017-12-25 11:30:02,2025-06-04 23:49:13,克洛伊集团 粉‪打Pink Punch 赛洛诗
订阅式电商,2017-12-25 10:24:23,2025-05-12 01:07:31,Bombay Shaving Company Circular 花点时间
水运物流,2017-12-18 14:47:14,2025-06-04 00:02:25,Intercont 迅航星辰 安吉物流
危险品物流,2017-12-18 13:28:26,2025-06-05 15:03:40,物泽物流 找罐车 兴通股份
零担物流,2017-12-18 10:17:15,2025-06-05 11:42:05,Flock Freight 聚盟 顺丰控股
企业福利,2017-12-18 09:54:21,2025-05-30 00:47:32,Awardco Remodel Health StretchDollar
车货匹配平台,2017-12-14 11:33:17,2025-05-29 01:29:43,满易科技 货达网络 Transfix
物流地产,2017-12-11 21:51:18,2025-06-02 00:26:22,宝湾物流 中国物流资产 天地汇
TMS运输管理系统,2017-12-11 18:08:01,2025-06-04 00:02:15,富勒科技 粤十机器人 空间折叠
VR看房,2017-12-08 15:44:45,2025-05-03 00:36:27,满屋研选 五一视界 Matterport
网络综艺,2017-12-07 17:01:39,2025-03-17 17:40:24,哇唧唧哇 银河酷娱 企鹅之星
婚礼策划,2017-12-07 16:28:15,2025-06-03 00:11:10,喜铺婚礼 婚礼猫 创婚派
早教机器人,2017-12-07 10:43:37,2025-05-08 11:02:15,城市漫步 归墟电子 KeeKo
网络文学平台,2017-12-07 09:44:39,2025-06-05 15:03:24,七猫文化 长佩文学 Kakao娱乐
物流无人机,2017-12-06 10:45:37,2025-06-05 01:30:31,沃飞长空 尚飞航空 智航无人机
广场舞应用,2017-12-05 16:17:25,2024-08-24 01:30:29,糖豆广场舞 舞林大汇 星舞广场舞
实习生招聘平台,2017-12-05 12:10:47,2024-07-19 17:24:16,工学云 实习僧 勋厚集团
语义分析,2017-12-04 16:57:10,2025-05-28 00:29:32,深言科技 拓尔思 数珩科技
物联网云平台,2017-12-04 14:22:18,2025-06-05 01:30:14,宏诚创新 特斯联 三棵小草
酒店品牌,2017-12-04 10:17:00,2025-06-04 22:08:40,Room00 easyHotel citizenM
智能猎头平台,2017-12-04 09:29:35,2025-04-18 00:47:04,iumind 猎萌 展招
二次元衍生品,2017-12-01 15:22:55,2025-06-05 15:02:52,乐自天成 手滑科技 有鹿文化
汽车加油,2017-12-01 14:24:29,2024-12-31 00:55:09,极速能源 车派云汇 TravelCenters of America
驾考培训平台,2017-12-01 14:10:36,2025-06-05 01:29:57,东方时尚 方向盘驾考 千种幻影
游戏陪玩,2017-11-30 14:49:16,2024-03-27 18:33:27,友伴陪玩 点点开黑 暴鸡电竞
智能投研,2017-11-30 12:24:03,2025-06-05 01:29:52,金证优智 Dataminr 微京科技
智能营销,2017-11-30 10:01:00,2025-06-05 04:59:58,金证优智 Creatify Siro
同城货运,2017-11-29 14:58:01,2025-05-25 00:18:50,达达集团 快狗打车 Lozi
即时物流,2017-11-29 14:03:57,2025-06-05 01:29:41,跨越速运 中联即送 闪送
代驾,2017-11-28 14:47:06,2025-05-31 19:55:52,和骏出行 接车侠 StearClear
汽车分期,2017-11-28 14:20:59,2025-02-27 11:12:02,车城数科 广西车猫 真橙金服
教育分期,2017-11-28 14:03:59,2025-04-19 11:06:55,Tuition.io JeelPay 诚学信付
农业分期,2017-11-28 11:55:22,2025-06-04 11:53:20,苏州农发 大北农 中金同盛
医美分期,2017-11-28 11:02:16,2021-11-19 10:49:13,美牙分期 美仓 乔融金服
智能门锁,2017-11-27 17:43:28,2025-05-31 01:41:50,ButterflyMX 全民认证 波谢儿
跨境支付,2017-11-27 09:20:24,2025-06-05 11:40:52,Palla OpenFX Airwallex
代客泊车,2017-11-25 14:16:17,2025-02-27 11:11:52,ParkMate 飞泊通 Luxe
瑜伽服务,2017-11-24 15:37:09,2025-06-03 18:55:54,奥本运动 悠季云学院 优胜美地瑜伽
跨境医疗,2017-11-24 10:31:01,2023-12-28 01:18:45,繫康万家 华熙国际 SafetyWing
大数据反欺诈,2017-11-24 09:38:17,2025-05-29 18:12:13,无糖信息 知因智慧 算话智能
第三方支付,2017-11-23 14:53:08,2025-06-03 20:38:08,东望数智 Ualá 华瑞富达
同性社交,2017-11-23 12:08:07,2024-09-13 01:41:51,热拉 Blued Grindr
网红孵化,2017-11-23 10:25:59,2025-06-02 15:45:16,青禾世相 知识矩阵 映未来
智能快递柜,2017-11-22 17:54:35,2025-05-15 00:48:05,禧巢智能 1号柜 极达智能
大数据风控,2017-11-22 16:26:15,2025-06-04 23:47:37,知因智慧 赞塔科技 优钱科技
在线法律服务,2017-11-22 14:57:32,2025-05-16 01:31:50,SpotDraft 多问律师 律品网
P2P网络借贷平台,2017-11-22 13:57:08,2025-06-04 11:52:53,Funding Societies Zopa Validus Capital
不良资产处置,2017-11-22 10:48:20,2025-05-31 01:41:23,新誉商务 零一资产 奥哲股份
儿童托管,2017-11-21 17:58:36,2025-05-24 01:02:45,KinderCare Learning Centers Tiney 从一托育
迷你仓,2017-11-21 14:43:30,2021-11-19 10:49:13,MakeSpace 万户仓 迷你仓
智慧校园,2017-11-21 09:59:26,2025-05-12 01:05:30,安智科技 国盛华兴 中教碳
植保无人机,2017-11-20 18:16:41,2025-06-05 09:59:06,沃飞长空 云圣智能 傲势科技
全屋定制,2017-11-20 15:43:44,2025-05-29 01:28:02,玛格家居 巨迪家居 凯蒂易居
二次元社交,2017-11-20 09:57:23,2025-06-05 08:19:11,波粒子 ITG集团 像素方舟
VRAR体验馆,2017-11-17 18:19:26,2025-06-04 15:15:17,DreamPark 沉浸机遇 当红齐天
互联网家装,2017-11-17 15:28:39,2025-06-05 01:28:59,聚悠米 绘一科技 非象科技
智能珠宝,2017-11-17 09:36:12,2021-11-19 10:49:13,可戴尔 TOTWOO 嘉华珠宝
二手机械交易平台,2017-11-17 09:18:03,2021-11-19 10:49:13,机械之家 唐牛网络 铁甲网
共享奢侈品,2017-11-15 16:39:02,2024-07-04 00:35:06,百格 Rent The Runway Flyrobe
肿瘤早筛,2017-11-13 18:09:12,2025-06-03 15:30:39,凯德维斯 Mirxes觅瑞 人科生物
现金贷,2017-11-10 16:33:32,2025-05-27 00:55:57,蚂蚁消金 CASHe 马上消金
小额信贷,2017-11-10 15:58:33,2025-06-05 01:28:47,苏州农发 长银58 网商银行
智能投顾,2017-11-10 14:15:15,2025-06-04 15:14:59,九煜丰瑞 中证资产 Zocks
语音识别,2017-11-10 10:47:33,2025-06-05 11:39:58,启英泰伦 voize 思必驰
原创服饰品牌,2017-11-10 00:47:22,2025-06-05 11:39:53,报喜鸟 OMG运动 Supreme
工业物联网,2017-11-10 00:18:25,2025-06-05 01:28:35,三雅科技 蜂巢互联 广域铭岛
金融SaaS,2017-11-09 21:45:58,2025-06-03 23:59:41,PayTic Tapline Fimple
个人征信,2017-11-09 21:28:02,2025-06-05 01:28:22,中证数智 中诚信征信 算话智能
智能停车,2017-11-09 19:34:42,2025-06-05 15:47:54,泊知港 停碳科技 八维通停车
汽车分时租赁平台,2017-11-08 17:19:10,2025-06-04 20:26:04,地上铁 嗨皮出行 Namma Yatri
社区无人零售,2017-11-08 15:55:39,2025-06-05 01:28:12,天资无人售货店 维果部落 无境创新
办公室零食,2017-11-08 15:55:28,2023-10-25 09:20:24,每日优鲜便利购 洋玩易福柜
仓储服务,2017-11-08 15:34:51,2025-06-05 01:28:09,凯莱荟仓储 寿阳物储 SmartStop Self Storage
无人自助结算,2017-11-08 11:02:21,2025-05-31 01:40:19,肇观电子 深兰科技 SandStar视达
RFID解决方案,2017-11-08 11:02:21,2025-06-04 10:09:10,国芯物联 美思特 航天华拓
仓储机器人,2017-11-08 11:02:20,2025-06-05 01:28:03,赛那德 快仓智能 海柔创新
零售大数据,2017-11-08 11:02:20,2025-05-30 00:44:47,汇纳科技 马上赢 惟客数据
虹膜识别,2017-11-08 11:02:20,2025-06-05 01:27:59,景联文科技 界面认知 圣点科技
人脸识别,2017-11-08 11:02:17,2025-06-05 01:27:58,PopID 瑞为技术 旷视科技
掌纹识别,2017-11-08 11:02:17,2025-05-30 00:44:40,界面认知 墨奇科技 文达通
智能零售系统,2017-11-08 11:02:16,2025-06-02 19:06:13,深兰科技 商汤善惠 马上赢
冷链物流,2017-11-08 11:02:16,2025-05-29 11:32:42,昊鑫物流 Bio Pharma Logistics 大河智链
智能包装,2017-11-08 11:02:16,2025-06-04 16:55:44,日博工业 乐橘科技 箱箱共用
无人便利店,2017-11-08 11:02:09,2025-06-05 01:27:46,勤羽小店 天资无人售货店 索智智能
办公室货架,2017-11-08 11:02:06,2025-05-07 00:14:06,丰e足食 每日优鲜便利购
自动售货机,2017-11-08 11:02:04,2025-05-23 00:10:35,丰e足食 商汤善惠 健乔智能科技
共享单车,2017-10-30 15:16:38,2025-05-30 20:38:55,永安行 赳赳单车 Yulu
海外理财,2017-10-30 15:04:07,2025-03-14 16:42:14,签之家 有路 紫金信托
线上抓娃娃,2017-10-30 14:03:30,2021-11-19 10:49:13,火热娃娃机 欢乐抓娃娃 哇叽哇叽
3D建模,2017-10-30 14:03:28,2025-04-15 00:58:20,Matterport DITTO.com Hexa 3D
汽车无线充电,2017-10-30 14:03:27,2025-05-16 01:30:00,易冲科技 有感科技 威迈斯
企业征信,2017-10-30 14:03:27,2025-06-05 01:27:24,中证数智 联合征信 浙里信
星座占卜,2017-10-30 14:03:26,2025-06-05 04:57:28,面相研究院 甲子研究院 蓝星漫
共享雨伞,2017-10-30 14:03:25,2021-11-19 10:49:13,有伞Usan 漂流伞mobrella 魔力伞
微信小程序开发,2017-10-30 14:03:23,2025-03-08 11:11:09,乐核网络 寄聪聪 中鱼互动
对话体小说,2017-10-30 14:03:21,2025-03-14 16:41:49,快爽 picopico 快点
混合现实,2017-10-30 14:03:17,2025-06-05 11:38:32,DreamPark XREAL 维卓致远
购物分期,2017-10-30 14:03:17,2025-06-04 18:37:30,捷信消金 Tabby 先享后付
供应链金融,2017-10-30 14:03:16,2025-06-05 01:27:13,君亮供应链 粤十互联网 佰行金服
IP内容自媒体,2017-10-30 14:03:15,2025-06-04 01:41:03,南方健康 日日煮 笑果文化
美食短视频,2017-10-30 14:03:13,2024-12-31 00:51:07,门牙视频 日日煮 一条
玩具租赁,2017-10-30 14:03:13,2023-07-30 00:42:15,玩多多 爱租时代 玩巨人
自助洗车,2017-10-30 14:03:12,2023-06-13 18:24:45,小雨嘀嗒 超级象 团洗洗车
音乐版权,2017-10-30 14:03:11,2025-06-05 01:26:59,Hipgnosis Songs Fund 博山娱乐 BMI
儿科,2017-10-30 14:03:09,2025-03-22 01:48:59,Summer Health 医佰康 苹果儿科医生
蓝领招聘,2017-10-30 14:03:08,2025-05-30 12:19:09,鱼泡网 我的打工网 马上报到
留学服务,2017-10-30 14:03:07,2025-05-16 11:24:38,子府儒林 AdmitAI智选优录 中联合众
家居租赁,2017-10-30 14:03:06,2023-04-22 11:11:56,Inhabitr Pabio Rentomojo
狼人杀,2017-10-30 14:02:57,2024-04-12 18:24:23,开心狼人杀 一起狼人杀 假面信息
共享健身房,2017-10-30 14:02:53,2025-06-03 12:03:00,光猪圈 超级猩猩 小秦物联
嘻哈音乐,2017-10-30 14:02:53,2025-01-15 00:51:06,放学嗨 普普文化 嘻哈融合体
迷你KTV,2017-10-30 14:02:44,2025-06-03 10:21:06,根号叁 妙唱 即唱科技
共享电单车,2017-10-30 14:02:43,2025-03-14 16:40:43,HumanForest 风火嘉轮 小遛共享
二手电子产品回收平台,2017-10-30 14:02:37,2025-05-18 01:36:50,刘备回收 回收宝 壹站收EPBox
VR游戏,2017-10-30 14:02:37,2025-06-05 14:59:13,MyDearest Amata K.K 幻身科技
美颜相机,2017-10-30 14:02:30,2025-05-31 01:38:32,美拍 美图秀秀 柚子相机POMELO
定制游,2017-10-30 14:02:29,2025-06-05 01:26:21,六人游 享梦游 鸿泰远洋
医美,2017-10-30 14:02:27,2025-06-04 01:40:10,奈瑞儿健康 未名拾光 美柏生物
电脑租赁,2017-10-30 14:02:25,2025-06-05 11:37:34,人人租 Grover 厚厚文化
轻食,2017-10-30 14:02:18,2025-06-05 04:56:20,欧吉堡 素小禾 暴肌独角兽
农村电商,2017-10-30 14:02:15,2025-06-04 15:12:26,花禾宁 村头 优农时袋
兼职平台,2017-10-30 14:01:50,2025-05-30 12:18:14,Springpod PowerToFly 兼职猫
动作捕捉设备,2017-10-30 14:01:40,2025-06-02 00:21:20,傲意科技 Nolo VR 燧光
创投媒体,2017-10-30 14:01:35,2025-06-05 09:56:08,凡卓集团 钛媒体 36氪传媒
拼团电商,2017-10-30 14:01:18,2025-06-05 01:25:58,Weee! 帮帮抢 拼多多
IP制作,2017-10-30 14:01:13,2025-06-04 01:39:46,大行道动漫 橙光 面白映画
互联网保险,2017-10-30 14:00:52,2025-06-05 01:25:55,手回集团 广监云 XILO
互助保险,2017-10-30 14:00:51,2025-05-05 00:15:12,青草互助 星互网络 水滴互助
汽车保险,2017-10-30 14:00:51,2025-06-05 11:37:08,广监云 路比车险 长江财险
短视频平台,2017-10-30 14:00:39,2025-06-05 13:18:36,美拍 三感Video
记账工具,2017-10-30 13:59:52,2025-05-17 11:40:21,Timi时光记账 True Balance 柠檬记账
财税服务,2017-10-30 13:59:52,2025-05-28 00:24:44,Hyperbots 智源财务 账小七
社保服务,2017-10-30 13:59:50,2025-03-22 01:47:26,薪福社 云生集团 知了社保
品牌公寓,2017-10-30 13:59:37,2025-06-05 09:55:48,馨伴寓 嘉邻嘉寓 AIR Communities
租房分期,2017-10-30 13:59:36,2023-03-27 11:00:17,快住租房 磐谷分期 房司令
服装租赁,2017-10-30 13:59:25,2025-03-14 16:39:37,HURR Stage 3 Rent The Runway
境外用车,2017-10-30 13:59:23,2025-01-01 01:32:57,皇包车旅行 租租车 鹿途信息
VC/PE管理系统,2017-10-30 13:45:49,2025-05-27 00:52:15,Foundersuite 点观创服 datadriver卓沃
办公租赁,2017-10-30 13:45:48,2025-06-04 10:06:34,招商蛇口 金源物业 搜办
票务平台,2017-10-30 13:45:48,2025-05-29 19:48:16,XP票务 KYD Labs Vingoda
智能乐器,2017-10-30 13:45:43,2024-11-26 00:55:33,戴乐科技 戴乐体感 小叶子音乐科技
社区快件中转,2017-10-30 13:45:42,2022-02-21 01:02:14,熊猫快收 派速魔方 蓝店
养老SaaS,2017-10-30 13:45:41,2025-05-03 00:30:46,壹零后 乐湾云 天与养老
重型燃气轮机,2023-08-10 10:25:02,2025-06-05 12:13:10,通用电气 西门子 南京汽轮电机
巡检机器人,2022-02-10 16:45:24,2025-06-05 00:13:33,逻腾 傲势科技 国巡机器人
具身智能,2023-12-19 14:12:37,2025-09-29 11:07:56,中科第五纪 UniX AI机器人 灵宝CASBOT
光子芯片,2022-04-11 11:22:14,2025-09-27 01:30:52,灵明光子 PsiQuantum 光引科技
AI Agent,2024-04-24 17:07:25,2025-09-29 11:08:07,面壁智能 OpenAI Teable
脑机接口,2019-10-23 14:52:33,2025-09-29 11:00:22,明视脑机 和泽科技Symbionics 脑韵科技
运动相机,2022-02-21 16:41:44,2025-09-26 18:24:17,影石创新 光子跃迁 赛纳科技
人形机器人,2022-08-18 15:44:11,2025-09-29 11:06:43,手智创新 UniX AI机器人 灵宝CASBOT
高考志愿填报,2018-06-13 10:01:19,2025-09-03 01:41:35,夸克浏览器 高分网 求学宝
可控核聚变,2022-12-16 18:52:01,2025-09-25 17:18:55,Commonwealth Fusion Systems 聚变能源 HELICAL FUSION
钠离子电池,2022-03-08 18:29:20,2025-09-28 11:57:47,超钠新能源 海四达钠星 希倍动力
外骨骼机器人,2018-01-09 09:31:37,2025-09-27 12:01:47,傲鲨智能 肯綮科技 钛虎机器人
茶饮品牌,2018-04-26 13:49:33,2025-09-27 01:03:05,邓氏阿嬷手作 ZOYEE椰子茶 沪上阿姨
AI大模型,2023-02-17 01:17:52,2025-09-29 11:07:16,面壁智能 OpenAI 未来式智能
AI眼镜,2024-10-25 07:36:19,2025-09-29 11:08:26,北京阿法龙 阿法龙科技 亮亮视野
量子技术,2020-07-16 16:05:58,2025-09-29 11:02:46,Intel PsiQuantum 光迅科技
AI视频生成,2023-03-01 11:02:34,2025-09-29 11:07:22,筷子科技Kuaizi Synthesys OpenAI
RISC-V,2024-03-14 16:12:35,2025-09-29 11:08:03,Intel 先楫半导体 龙擎视芯
AI药物研发,2018-10-30 14:58:19,2025-09-29 11:08:06,DaltonTx Dewpoint Therapeutics 晶泰科技
AIGC,2022-12-06 17:46:07,2025-09-29 11:07:09,智策领航 筷子科技Kuaizi 面壁智能
eVTOL飞行器,2022-05-17 16:32:57,2025-09-29 08:40:18,VOLANT沃兰特 蓝霄航空 零重力飞机工业
新能源汽车制造,2017-10-30 14:01:53,2025-09-29 10:53:15,千里科技 星途汽车 追觅汽车
靶向药物,2018-07-09 20:21:18,2025-09-28 22:17:17,熙源安健 浩博医药AusperBio FerroptoCure
介入医疗器械,2021-08-25 10:39:16,2025-09-29 00:23:37,伽奈维 康德莱 汉通医疗
AI玩具,2024-10-23 11:22:49,2025-09-29 11:08:25,珞博智能 萌友智能 乐享科技
ASIC,2023-01-13 16:56:03,2025-09-29 10:18:07,地平线机器人 微珩科技 Intel
灵巧手,2025-02-19 10:07:45,2025-09-29 00:38:34,手智创新 灵宝CASBOT TetherIA.ai
美妆品牌,2018-07-09 20:21:18,2025-09-29 11:05:03,花知晓 Empro Group Rhode
创新药,2018-05-17 16:45:33,2025-09-29 11:01:59,熙源安健 盛世泰科 天玑济世
智能医疗,2017-11-09 22:13:22,2025-09-28 18:33:14,爱连健康 华美浩联 博恩思
AI蛋白质设计,2024-10-18 08:48:35,2025-09-28 13:55:34,途深智合 予路乾行 智药元创
人工智能芯片,2017-12-04 15:39:14,2025-09-29 10:57:51,微珩科技 地平线机器人 影微创新
汽车芯片,2022-03-10 17:54:01,2025-09-29 10:17:20,地平线机器人 他山科技 元橡科技
ADAS,2018-03-11 15:49:42,2025-09-29 10:59:53,地平线机器人 天瞳威视 INVO智华
激光通信,2021-08-19 17:41:53,2025-09-24 12:10:46,氦星光联 星辰光电 极光星通
商业航天,2018-02-28 15:23:48,2025-09-29 10:59:37,星河动力航天 星际荣耀 九州云箭
AI服务器,2023-10-25 16:51:56,2025-09-29 09:47:22,Intel FII AMC Mexico 思腾合力
DPU,2021-05-08 11:19:12,2025-09-29 00:20:15,Intel 楠菲微电子 中科驭数
民宿品牌,2017-10-30 13:59:29,2025-08-19 01:36:26,途佳名宿 燕归林 都市有家
EDA电子设计软件,2020-08-18 15:50:35,2025-09-29 00:17:10,合见工软 思尔芯 华芯程
半导体刻蚀设备,2023-04-21 10:23:41,2025-09-27 12:13:23,晟霖益嘉 福宜真空 屹唐半导体
3A游戏,2024-08-30 15:24:59,2025-09-29 11:08:21,万代南梦宫 游戏科学 Epic Games
干细胞,2020-08-13 11:29:14,2025-09-27 01:21:25,华龛生物 赛莱拉 睿健医药
纳米材料,2018-05-07 10:43:35,2025-09-29 11:01:20,点靓纳谱 安德科铭 碳翁科技
民营火箭,2018-05-28 17:30:50,2025-09-29 11:02:17,星河动力航天 星际荣耀 九州云箭
两轮电动车,2022-03-03 17:42:30,2025-09-27 01:30:02,虬龙科技 派电科技 特宙斯
mRNA,2024-08-12 15:19:52,2025-09-29 00:37:23,尧唐生物 慧疗生物 先为生物
云游戏,2019-04-23 18:27:33,2025-09-29 10:58:51,海马云 DeepLink Protocol 云格致力
数字孪生,2020-06-30 15:52:18,2025-09-29 00:16:12,众芯汉创 第二人生 医者AI
AI搜索,2023-03-13 11:38:22,2025-09-29 10:18:17,OpenAI You.com Exa
基因编辑,2018-11-28 10:32:11,2025-09-28 00:35:31,天泽云泰 星眸生物 尧唐生物
半导体设备,2018-10-24 15:06:33,2025-09-29 09:21:26,菩晶半导体 壹倍科技 芯澈半导体
求职教育,2018-07-09 20:21:18,2025-09-26 09:13:51,科莱特教育 智悦云创 云日教育
边缘计算,2019-03-14 10:13:39,2025-09-29 10:58:42,智协慧同 卓目科技 北京数渡
合成生物学,2021-11-30 17:09:49,2025-09-29 09:38:56,未名拾光 绽妍生物 昌进生物
自动驾驶卡车,2018-02-02 09:58:02,2025-09-24 02:33:27,主线科技 卡尔动力 DeepWay深向
智能炒菜机,2022-02-17 15:59:05,2025-09-29 11:06:09,不停科技 智谷天厨 米满多
咖啡产业,2018-04-02 09:37:53,2025-09-25 13:16:58,COFE+ Peet's Coffee & Tea WinnCafe稳因咖啡
存储器,2020-06-24 10:30:16,2025-09-29 00:16:00,Intel 昕原半导体 泰克半导体
医疗影像,2017-10-30 14:03:28,2025-09-29 01:42:47,锐世数字 慧观生物 icometrix
手术机器人,2018-01-08 09:35:10,2025-09-29 01:47:21,昂泰微精 深度医疗 博恩思
元宇宙,2021-05-12 15:16:08,2025-09-29 11:04:51,超现数字科技 兔展智能 黑蚁科技
模型部署和服务,2023-04-20 18:48:09,2025-09-29 11:07:27,Databricks 魔数智擎 无问芯穹
卫星互联网,2020-09-11 14:59:55,2025-09-27 01:21:54,创智联恒 Eutelsat 聚智星网
液冷服务器,2023-11-28 16:58:26,2025-09-29 00:34:52,Intel 联想集团 新华三
低功耗芯片,2022-03-18 08:35:13,2025-09-28 15:30:42,InPlay 迈特芯 艾创微
智慧农业,2020-12-03 16:55:08,2025-09-28 15:23:33,麦麦科技 自走科技 NeoFarm
云原生,2021-08-05 17:23:47,2025-09-29 09:35:36,焱融科技 瑛菲网络 Luminary Cloud
CRO,2019-05-15 14:36:39,2025-09-29 00:10:53,佰诺创因 科默医药 慧泽医药
工程管理SaaS,2022-03-15 16:19:52,2025-09-03 00:18:01,吉工家 金慧软件 GreenLite
反无人机系统,2018-01-29 12:37:08,2025-09-23 10:20:51,众芯汉创 理工全盛 空御科技
GPU,2021-05-17 11:19:55,2025-09-29 11:04:51,曦望Sunrise Intel 行云集成电路
微流控芯片,2024-02-23 08:53:17,2025-08-16 01:23:35,程控数芯 追光生物 金鸿桦烨
虚拟数字人,2020-05-19 10:14:04,2025-09-29 11:01:19,兔展智能 大晟极 百型智能
增材制造,2021-07-02 14:06:56,2025-09-28 20:48:11,贝雅医疗 众智信赢 金源智能
质谱仪,2023-06-27 18:59:30,2025-09-27 01:37:20,瑞莱谱医疗 安益谱 迪谱诊断
固态锂电池,2022-03-29 10:51:19,2025-09-28 11:58:19,屹锂科技 中科固能 欣界能源
AI音乐生成,2023-02-28 19:09:09,2025-09-29 09:44:57,OpenAI DeepPiano Hedra
AI文本生成,2023-02-23 18:37:07,2025-09-29 11:07:20,筷子科技Kuaizi OpenAI 智子引擎
短剧制作,2023-11-09 16:11:51,2025-09-29 00:34:38,凡酷文化 鑫辰互娱 珀乐互动
AI代码生成,2023-02-27 08:35:42,2025-09-29 11:07:21,OpenAI Replit Cognition
AI 3D生成,2023-03-01 15:54:53,2025-09-29 11:07:23,OpenAI Intel 爱诗科技
出海移动营销,2018-12-13 16:04:07,2025-09-26 23:24:45,尚睿科技 浙江出海 Global Star
SRAM,2024-02-21 15:23:25,2025-09-28 17:25:38,成都华微 九天睿芯 后摩智能
短剧平台,2023-11-10 11:37:11,2025-09-29 00:34:40,StoReel 搜狐视频 中创星耀
减肥药,2023-10-19 15:02:52,2025-09-29 10:18:42,民为生物 博瑞医药 银诺医药
AI语音合成,2023-02-28 15:36:55,2025-09-29 11:07:21,Synthesys 宇生月伴 MiniMax
AI游戏生成,2023-02-27 07:21:30,2025-09-29 11:07:20,OpenAI 梦熵科技 反舌鸟
CAE,2020-11-12 10:49:14,2025-09-24 12:06:21,戴西软件 泊松软件 云泊软件
养老服务,2020-12-24 11:02:07,2025-09-28 15:23:57,爱连健康 汇力帮帮 有所依
出海电商,2019-11-12 15:26:41,2025-09-29 09:27:38,TEMU 尚睿科技 两氢一氧
CDMO,2021-04-08 15:02:19,2025-09-29 00:19:54,甲贝医药 荷塘生华 修实生物
MR头显,2023-06-09 10:14:13,2025-09-29 11:07:33,Varjo XREAL Rokid
滑雪服务,2017-12-01 14:50:54,2025-09-27 10:13:36,乔波冰雪世界 株式会社新雪 西部长青
光伏逆变器,2021-08-12 18:07:17,2025-09-29 00:22:05,昕感科技 爱昶新能源 代勒兰德
中式汉堡,2023-12-13 18:22:29,2025-09-23 01:40:37,麒麟燚 翰堡功夫 传奇堡贝
储能系统集成,2023-08-07 17:10:01,2025-09-29 11:07:40,智光储能 太湖能谷 双登股份
web3.0,2021-12-24 17:40:53,2025-09-25 10:08:29,朋克代码 RuneSoul RTB Digital
钒电池,2022-07-14 11:15:10,2025-09-28 17:18:28,银峰新能源 液流储能 安宁股份
ADC药物,2023-12-18 10:10:02,2025-09-29 11:07:55,盟科药业 博瑞医药 先声药业
环境监测,2019-05-07 15:38:24,2025-09-24 22:46:06,国蓝中天集团 先河环保 正弦空间
MCU,2022-04-02 07:35:25,2025-09-29 00:26:42,他山科技 思澈科技 类比半导体
光刻胶,2020-06-02 11:23:48,2025-09-28 18:56:35,琪材微 鼎材科技 研材微纳
聊天机器人,2019-09-26 14:57:24,2025-09-29 00:13:04,宇生月伴 You.com Anthropic
区块链游戏,2018-03-02 10:14:35,2025-09-24 20:48:25,RuneSoul GLHF PlaysOut
预制菜,2019-11-28 14:18:13,2025-09-29 11:00:35,西贝莜面村 味滋美 金磨坊
MLOps,2023-03-28 16:02:25,2025-09-29 11:07:25,九章云极 Databricks 魔数智擎
MOSFET,2022-06-14 15:56:50,2025-09-27 01:31:47,华羿微电子 长晶科技 虹安微电子
锂电负极,2020-07-23 17:47:15,2025-09-26 09:26:25,物科金硅 宸宇新能源 立探新能源
分子诊断,2017-11-29 16:19:46,2025-09-29 10:57:14,Octave Bioscience 达健生物 康录生物
航空器零部件,2018-07-09 20:21:18,2025-09-29 11:04:50,航星传动 东睿航天 零重力飞机工业
Chiplet,2022-10-27 14:41:32,2025-09-29 11:06:59,易卜半导体 Intel 北极雄芯
环境修复,2018-11-08 09:40:20,2025-09-29 11:08:34,冠中生态 国蓝中天集团 北成环境
复合铜箔,2022-09-29 16:26:54,2025-09-28 19:09:55,纳力科技 柔震科技 安迈特科技
毫米波雷达,2018-03-11 16:42:10,2025-09-26 17:59:24,德赛西威 隼眼科技 文远知行WeRide
工业机器人,2021-06-23 15:49:44,2025-09-29 10:16:17,敏越科技 北新智能 蓝因机器人
虚拟医药代表,2022-10-18 18:39:47,2025-09-28 15:33:53,梅斯健康 医百科技 诺信创联
超导材料,2020-07-16 16:27:42,2025-09-29 11:02:47,中国重工 东部超导 翌曦科技
医疗服务机器人,2018-01-09 10:07:23,2025-09-22 01:29:42,易启未来 若铂机器人 如身机器人
向量数据库,2023-04-07 08:56:08,2025-09-29 09:45:18,VectorFlow Tech Lancedb Canyon Network
户外电源,2022-06-02 08:35:44,2025-09-29 09:40:55,卡儿酷集团 溯驭技术 Zendure
方便食品,2019-11-28 14:37:22,2025-09-29 11:00:37,立兴食品 良品铺子 丁义兴
Micro OLED,2023-06-14 10:34:23,2025-09-27 01:37:06,Kopin 熙泰科技 芯视佳
工业机器视觉,2018-12-20 16:13:50,2025-09-26 16:23:30,摇橹船科技 科为升视觉 数聚智造
护肤品,2020-07-08 14:49:48,2025-09-29 09:30:42,未名拾光 绽妍生物 佳嘉乐生物
新能源汽车充电桩,2017-10-30 13:45:40,2025-09-29 10:52:29,骇盾新能 康晋电气 链宇科技
合成数据,2023-04-07 08:55:31,2025-09-29 00:32:12,光轮智能 跨维智能 Genesis AI
AI框架,2023-03-28 16:03:34,2025-09-29 11:07:25,Intel 基流科技 清程极智
宠物食品,2018-05-25 00:43:31,2025-09-20 01:05:40,中誉宠食 HEY HOLY 益宠康膳
CRM,2019-07-25 17:23:52,2025-09-28 17:03:09,畅捷通 邦贤信息 Aurasell
AI图片生成,2022-10-12 17:26:47,2025-09-29 11:06:57,OpenAI 橙果视界 OpenArt
心脏瓣膜,2021-04-15 14:03:32,2025-09-24 02:58:27,臻亿医疗 Conformal Medical 心纪元医疗
NFT,2021-09-08 16:57:17,2025-09-29 10:16:59,超现数字科技 Courtyard Candy Digital
RNA药物,2020-12-23 17:56:59,2025-09-29 00:18:51,浩博医药AusperBio ARTHEx Biotech 尧唐生物
人造肉,2018-05-14 17:53:02,2025-09-23 22:50:16,昌进生物 Better Meat Project Eaden
公有云IaaS,2018-08-03 17:26:34,2025-09-29 09:19:38,首都在线 优刻得 ZStack
智能客服,2017-11-25 10:13:05,2025-09-28 16:47:30,DRUID Sierra 红熊AI
烘焙食品,2020-12-17 19:12:09,2025-09-27 10:35:19,乔治香颂 轩妈食品 海玉园食品
区块链金融,2018-01-17 14:51:19,2025-09-28 15:04:12,朋克代码 零数科技 Mavryk Network
SLAM技术,2018-05-21 11:17:06,2025-09-27 12:05:16,未来机器人 普渡科技 耀宇视芯
镍氢电池,2022-03-17 16:54:23,2025-09-29 09:39:49,正辉新能源 比亚迪 昆宇电源
血氧仪,2022-12-28 14:22:50,2025-09-29 11:07:11,玖治科技 好克医疗 中科搏锐
激光雷达,2017-10-30 13:45:40,2025-09-27 00:52:39,镭测创芯 镭神智能机器人 禾赛科技
半导体封测,2018-10-25 10:10:03,2025-09-27 01:11:09,华芯振邦 易卜半导体 瑞启微
电池管理系统,2019-02-28 19:08:44,2025-09-29 09:23:54,骇盾新能 华之杰 鱼腾东科技
电磁仿真软件,2022-09-16 08:55:48,2025-09-16 01:12:36,Nullspace 芯和半导体 凌云智擎
新冠抗原检测试剂,2022-03-29 19:55:57,2025-09-29 00:26:34,相达生物 贝尔生物 美克医学
二手电商,2018-07-09 20:21:18,2025-09-28 16:54:52,趣扒宝科技 丛茂科技 Archive
SoC,2020-12-17 10:57:19,2025-09-29 11:04:20,Intel 北极雄芯 点聚物联
零信任,2022-09-09 16:04:37,2025-09-29 11:06:47,Netskope Cato Networks 亿格云
露营营地,2022-05-12 14:13:24,2025-09-24 01:09:06,HolaCamp 日光旅文 大热荒野
氮化镓,2020-06-10 10:09:36,2025-09-23 12:24:51,时代速信 英诺赛科 Finwave Semiconductor
分拣机器人,2018-03-26 16:51:17,2025-09-25 00:21:57,天太机器人 无限聚合 Geek+
电子纸,2022-11-04 15:59:28,2025-09-29 11:07:00,TCL科技 易泰勒 志慧芯屏
VR医疗,2018-05-29 09:45:18,2025-08-22 00:13:34,BRAVR Technologies Holoeyes RetinaLogik
家用无创呼吸机,2022-10-14 14:18:41,2025-09-27 08:59:14,康居人 伟晴大健康 贝舒医疗
区块链钱包,2018-01-17 14:06:38,2025-09-03 01:37:53,圆币科技 PlutoPe Turnkey
神经调控,2022-11-09 14:46:03,2025-09-09 01:48:00,佳量医疗 领创医谷 诺尔康
态势感知,2022-10-13 19:07:46,2025-09-29 11:06:58,渊联技术 TurbineOne Louhe
舆情监测,2018-04-04 09:36:34,2025-09-25 00:22:21,中国经济信息社 中科闻歌 金证优智
PaaS,2019-08-23 16:28:42,2025-09-29 09:26:41,飞渡科技 第四范式 讯众通信
区块链社交,2018-03-27 16:43:40,2025-08-20 01:18:11,VUZ Wunder.Social ResearchHub
罕见病,2019-05-13 17:32:53,2025-09-29 09:24:53,晶蛋生物 迪纳元昇 睿健医药
跨境物流,2017-12-01 11:18:21,2025-09-26 01:46:43,喜运达 凯莱荟仓储 泛捷国际速递
MEMS传感器,2018-10-26 10:57:15,2025-09-28 00:34:38,森丸电子 映芯谐振 芯镁信
PROTAC,2022-09-22 19:01:05,2025-09-29 00:29:22,晶泰科技 凌科药业 亚盛医药
低代码开发平台,2021-11-22 16:43:19,2025-09-29 10:17:07,BlockSpaces Emerge Tools 轻流
智慧物流,2017-11-08 11:02:13,2025-09-29 10:55:01,斯年智驾 智通三千 益嘉物流
设计协作,2021-11-16 17:43:33,2025-08-31 00:38:01,Pixso Figma 像素绽放PixelBloom
PMU电源管理芯片,2020-09-10 17:58:09,2025-09-28 17:08:35,Empower Semiconductor 赛微微电 慧易芯
RPA机器人流程自动化,2019-06-11 11:26:42,2025-09-27 06:51:57,Synthflow 慧流科技 四足高新
钙钛矿,2021-10-14 17:25:09,2025-09-28 11:56:43,光翼创新 德沪涂膜 扶光光伏
虚拟电厂,2022-07-25 15:43:01,2025-09-28 00:55:23,Green Voltis 国能日新 金智科技
TOPCon电池,2022-08-19 16:24:43,2025-09-28 15:32:43,和光同程 钧达股份 一道新能
宠物用品,2019-08-28 15:10:59,2025-09-29 00:12:37,洁宠智能 SATELLAI星联未来 Oh Norman
潮玩,2018-10-09 15:32:25,2025-09-29 09:20:47,第二人生 TOP TOY Letsvan
AR眼镜,2017-10-30 14:02:21,2025-09-29 10:53:21,英领之途 耐德佳 山东阿法龙
培育钻石,2021-12-10 17:51:30,2025-09-26 13:08:54,豫园珠宝 Limelight Lab Grown Diamonds True Diamond
割草机器人,2022-08-09 15:05:46,2025-09-29 10:17:41,昶氪科技 来牟科技 优必选
医疗3D打印,2017-10-30 14:03:27,2025-09-28 20:21:29,铼赛智能 贝雅医疗 素灵智造
智慧矿山,2021-12-13 17:39:47,2025-09-29 00:25:31,微分智飞 华虹科技 玄创机器人
体外诊断试剂,2020-03-20 10:53:14,2025-09-28 00:41:48,凡知医学 歆智生物 科诺美
物联网芯片,2017-12-04 13:48:15,2025-09-29 01:46:06,Morse Micro 必博半导体 思澈科技
口腔正畸,2021-04-25 17:25:32,2025-09-28 00:47:34,大众口腔 蓝天口腔 美奥口腔
车联网,2017-10-30 13:45:36,2025-09-28 22:05:46,北斗智联 联创汽车 链宇科技
隐私计算,2020-10-30 10:33:02,2025-09-29 11:03:37,Intel 零数科技 洞见科技
锂电池,2018-05-08 09:40:01,2025-09-29 11:01:32,赛恩斯能源 瑞科美 Valmet Automotive
数字货币交易所,2018-01-17 14:43:04,2025-09-28 16:49:37,Independent Reserve Rhino Trading Bakkt
SRM,2021-03-29 15:58:41,2025-09-29 11:04:43,格创东智 九慧信息 震坤行
营销SaaS,2019-12-12 18:16:08,2025-09-29 00:14:07,独到科技 微盟shopexpress 兔展智能
HUD,2021-01-20 10:40:54,2025-09-26 00:18:50,天有为 新通达电子 一数科技
工业级3D打印机,2018-11-21 16:35:33,2025-09-28 20:35:46,Snapmaker 金石三维 易加三维
质子交换膜,2022-06-08 14:50:32,2025-09-28 19:08:01,时代储能 海得利兹 国氢科技
IGBT,2020-06-12 19:07:04,2025-09-29 09:29:50,森未科技 英弗耐思 汇芯半导体
FPGA,2020-04-22 16:11:50,2025-09-28 00:42:05,思尔芯 成都华微 中科亿海微
户外帐篷,2022-05-13 01:52:24,2025-09-27 01:31:21,挪客 泰鹏智能 阿珂姆
空气炸锅,2022-05-07 17:36:58,2025-09-29 09:40:39,和生创新 美的集团 鑫能电器
MCN,2019-11-07 14:38:09,2025-09-22 01:47:25,中娱未来 众沃文化 白兔控股
CAD,2021-04-02 11:03:35,2025-09-25 22:33:27,泊松软件 iCAD 亿方联创
光模块,2020-06-18 15:16:43,2025-09-29 09:30:02,埃尔法光电 光迅科技 宏芯科技
IC设计,2018-10-24 17:54:23,2025-09-29 11:07:47,华羿微电子 物间科技 至讯创新
金刚线,2022-03-24 16:26:07,2025-09-26 09:34:43,新霖飞能科 中畅精密 海川光电
